Date,Daily,Humidity,Temperature,pm25,pm10,no2,o3,retail,grocery,parks,transit,work,home,date,mean,median,lower_80,upper_80,infections,test_adjusted_positive,test_adjusted_positive_raw,positive,tests,avg_pm25
2/24/20,0,NA,NA,93,45,22.4,20.4,-7,33,25,-18,-13,6,02/24/0020,1.915280069,1.910222973,1.698734004,2.116101425,21.72686883,0,0,0,0,79.75
2/25/20,0,61.5,14.4,61,32,27,18.3,-11,1,24,-23,-15,7,02/25/0020,1.885508227,1.879326212,1.700662715,2.089341703,24.95147056,3.002322888,0,0,0,47.75
2/26/20,0,54.1,9.5,13,13,24.7,26,-18,-9,-16,-31,-15,8,02/26/0020,1.853683163,1.859846752,1.648454896,2.014245162,28.84572613,4.679439085,0,0,0,72.6
2/27/20,0,36.5,9.4,13,3,8.3,28.1,-12,-6,3,-29,-15,7,02/27/0020,1.817205429,1.820531569,1.665376039,1.99708369,32.9850793,5.877405545,0,0,0,72.6
2/28/20,0,35,8.8,38,10,30.2,25.2,-11,-5,12,-28,-15,7,02/28/0020,1.778597486,1.782874498,1.602626093,1.914833612,37.51287265,7.211028837,0,0,0,73.4
2/29/20,2,38.7,12.2,46,16,30.7,23.6,-13,1,4,-23,-16,5,02/29/0020,1.73341716,1.732433464,1.59998061,1.883243762,42.52748096,8.981664214,4.028402087,2,8,75.2
3/1/20,0,81.9,7.2,74,29,12.8,22.8,-26,-5,-39,-38,-8,6,03/01/0020,1.683401613,1.681543485,1.54786577,1.814775564,48.00807084,10.65898335,0,0,0,101.6
3/2/20,1,84.6,8.6,17,11,23.4,24,-14,-6,-25,-31,-10,6,03/02/0020,1.631749171,1.629760385,1.5152219,1.76929721,53.90154721,12.88344835,2.014201044,1,4,89.8
3/3/20,3,85.3,8,13,5,18.8,17.9,-12,-6,-20,-31,-13,7,03/03/0020,1.576348751,1.575908131,1.455469493,1.69363409,60.14052108,14.81170431,0,0,0,74.8
3/4/20,5,83.5,7.2,25,10,22,15.5,-13,-4,-6,-30,-13,7,03/04/0020,1.519878669,1.517213921,1.391788762,1.628396138,66.64884288,17.17514088,10.07100522,5,20,51.8
3/5/20,8,76,8.5,25,11,28.8,15.5,-16,-5,-13,-32,-14,8,03/05/0020,1.461235098,1.458931025,1.36060777,1.579225539,73.32476724,20.05677283,16.11360835,8,20,45.2
3/6/20,22,84.2,7.7,55,16,19.2,20.4,-17,-1,-9,-34,-15,8,03/06/0020,1.401580057,1.400702942,1.283012104,1.497094423,80.04349178,22.92876629,44.31242296,22,32,63.2
3/7/20,8,84,7.7,65,24,22.4,17.1,-22,5,-8,-31,-18,8,03/07/0020,1.345236036,1.34220856,1.247170169,1.444193094,86.65947054,26.28782508,16.11360835,8,27,58.6
3/8/20,13,69.1,6.9,30,11,22.4,24.4,-37,7,26,-33,-13,7,03/08/0020,1.288222405,1.288471311,1.180419656,1.369740399,93.0114692,29.97953319,26.18461357,13,57,60.8
3/9/20,18,71.4,7.7,55,20,26.6,19.1,-34,-4,-21,-45,-20,12,03/09/0020,1.233137322,1.232622577,1.141768051,1.323640689,98.96094163,34.20369954,36.25561879,18,49,66.6
3/10/20,6,65.5,9.5,59,21,28.8,21.6,-44,-5,-23,-50,-27,16,03/10/0020,1.18310789,1.182149576,1.095459296,1.269404969,104.3011751,38.57183108,12.08520626,6,24,76.6
3/11/20,22,57.5,11.5,53,17,25.6,26.4,-50,-11,-20,-54,-32,18,03/11/0020,1.137379988,1.137059268,1.049888893,1.22211008,109.0445242,43.35437002,44.31242296,22,122,51.25
3/12/20,14,74.5,13,70,26,25.6,22.8,-68,-17,-51,-63,-40,23,03/12/0020,1.094373635,1.091234447,1.011780395,1.175051439,113.0027309,48.49756383,28.19881461,14,65,67.8
3/13/20,33,75.3,14.1,42,18,22,18.3,-73,-18,-61,-68,-46,27,03/13/0020,1.05307251,1.051900956,0.980397479,1.138398599,116.1504875,53.92766408,66.46863444,33,124,66.2
3/14/20,40,77,11,63,25,11.9,19.1,-84,-37,-78,-76,-57,26,03/14/0020,1.016456412,1.016365719,0.942187596,1.084174167,118.4783555,59.56398205,80.56804175,40,132,63.4
3/15/20,35,67.5,7.2,30,10,9.2,24.4,-90,-56,-72,-80,-53,22,03/15/0020,0.984707353,0.982563151,0.915464383,1.060740174,119.954568,65.38887609,70.49703653,35,157,72.2
3/16/20,61,61.3,8.4,46,16,20.6,26.9,-73,-31,-60,-70,-50,26,03/16/0020,0.955844283,0.953809527,0.887540176,1.024626086,120.5883749,71.23728761,122.8662637,61,148,66.4
3/17/20,42,61,9,59,24,23.8,27.3,-76,-36,-62,-72,-55,29,03/17/0020,0.930513355,0.929084025,0.862626356,0.999427479,120.4489631,77.02632111,84.59644384,42,145,66
3/18/20,62,60,12.2,65,28,29.3,31.3,-77,-38,-67,-73,-56,30,03/18/0020,0.909679706,0.904551694,0.833801584,0.9740179,119.613467,82.68436131,124.8804647,62,99,79.2
3/19/20,70,64,13.5,63,24,15.1,34.2,-78,-39,-73,-75,-57,31,03/19/0020,0.889626671,0.886858155,0.816180622,0.954982329,118.1596456,88.1309181,140.9940731,70,293,88.6
3/20/20,87,71.3,14,68,28,21.1,29.7,-79,-33,-77,-76,-58,33,03/20/0020,0.873423025,0.871289883,0.797125737,0.931336945,116.1883264,93.22287899,175.2354908,87,278,86.6
3/21/20,58,69.2,12,59,21,11.9,31.7,-86,-46,-86,-80,-62,28,03/21/0020,0.859067257,0.857524585,0.80070422,0.935642271,113.7793878,97.90112343,116.8236605,58,304,83.2
3/22/20,64,73.5,11,42,19,4.6,21.6,-96,-94,-91,-88,-64,24,03/22/0020,0.847098109,0.845584254,0.778096179,0.910613904,111.0099372,102.0566161,128.9088668,64,256,80.6
3/23/20,159,41.5,5.6,34,14,10.6,28.1,-79,-39,-78,-78,-64,32,03/23/0020,0.835881764,0.83411965,0.775192162,0.899097948,107.9634324,105.6764893,189.3618322,159,516,75
3/24/20,135,48,5.9,50,16,14.7,25.6,-80,-43,-79,-77,-66,34,03/24/0020,0.825588077,0.823521114,0.771394079,0.894323869,104.7110809,108.6850328,189.8442098,135,437,67.2
3/25/20,139,54.5,5.5,50,20,7.4,22.4,-83,-46,-82,-80,-68,35,03/25/0020,0.818772872,0.816492802,0.763283628,0.884740687,101.3052174,111.0774394,108.8153511,139,785,48
3/26/20,146,93,3.1,38,14,13.3,18.3,-85,-51,-85,-82,-71,37,03/26/0020,0.811776423,0.809839059,0.745493081,0.867614138,97.7847513,112.8247417,107.7092195,146,833,61.2
3/27/20,160,81.3,7.2,57,29,9.6,15.1,-83,-40,-83,-81,-70,38,03/27/0020,0.806719054,0.80372237,0.749277956,0.869408701,94.20866461,113.9595064,87.79039121,160,1120,66.2
3/28/20,173,68.3,10.5,68,71,12.8,26,-88,-50,-86,-82,-66,29,03/28/0020,0.803801722,0.803963671,0.742839067,0.860777101,90.62506269,114.4851669,94.08333075,173,1130,61.6
3/29/20,157,61.5,12.5,55,65,11,30.9,-96,-94,-88,-88,-65,24,03/29/0020,0.800820475,0.801268537,0.744512363,0.867007148,87.06550456,114.4505852,0,0,0,51.8
3/30/20,129,76,9.7,55,36,14.2,24,-81,-42,-77,-78,-67,33,03/30/0020,0.798647047,0.797189867,0.72940808,0.850355236,83.56909757,113.8861102,0,0,0,52.4
3/31/20,68,61,6,17,10,15.6,25.2,-90,-37,-77,-76,-69,35,03/31/0020,0.799371336,0.797652702,0.736570752,0.859564359,80.15902147,112.8530952,94.11762661,68,444,59
4/1/20,144,55.5,4.5,38,14,19.2,28.9,-90,-35,-75,-76,-68,35,04/01/0020,0.796593254,0.793742049,0.736481868,0.854887515,76.84450305,111.394445,111.5923258,144,793,73.6
4/2/20,141,53,6.6,55,17,13.3,30.1,-90,-35,-75,-76,-68,35,04/02/0020,0.796803888,0.794258379,0.738256341,0.859362846,73.65061546,109.573859,163.7979511,141,529,73.6
4/3/20,114,58.4,8.7,55,19,18.3,32.5,-85,-29,-78,-78,-67,36,04/03/0020,0.796444797,0.792448064,0.734035315,0.853322022,70.57365527,107.417128,115.9879672,114,604,61.6
4/4/20,90,57,9.7,59,20,12.4,35.4,-90,-42,-85,-81,-64,28,04/04/0020,0.795922538,0.794554151,0.740829286,0.856333995,67.60769645,105.0015358,110.1751922,90,502,71.4
4/5/20,92,54.3,10.6,50,17,10.1,32.1,-96,-93,-88,-87,-63,24,04/05/0020,0.794352865,0.793635172,0.732474639,0.853863234,64.75978708,102.3722269,115.8545327,92,488,66.4
4/6/20,96,52,12.5,65,25,12.8,34.6,-82,-32,-74,-76,-63,31,04/06/0020,0.791995663,0.79071869,0.731660717,0.855747857,62.02503084,99.57999427,131.6855868,96,448,76
4/7/20,39,46,12.5,63,26,20.2,34.2,-81,-33,-73,-75,-64,33,04/07/0020,0.790772853,0.790322511,0.724208468,0.847540236,59.39124088,96.65409611,54.5940246,39,439,75.6
4/8/20,102,32,14.8,46,17,12.4,33.8,-81,-31,-74,-75,-64,33,04/08/0020,0.788253847,0.786702023,0.724612438,0.850876949,56.8453217,93.65018382,79.14436783,102,792,73.4
4/9/20,98,38.5,12.8,38,16,11.5,35.4,-81,-28,-74,-75,-64,33,04/09/0020,0.784588997,0.782896606,0.713508304,0.843469767,54.38500517,90.59681537,81.27423531,98,741,60
4/10/20,98,40,16.1,55,17,8.3,40.3,-80,-20,-77,-76,-65,35,04/10/0020,0.778949635,0.775601503,0.716631079,0.85024503,52.00644681,87.52529842,66.47263617,98,906,56
4/11/20,121,39.8,17.5,59,15,5.5,43.1,-87,-38,-84,-79,-63,27,04/11/0020,0.774101151,0.77390143,0.695355767,0.822740261,49.69595602,84.4639127,53.03741894,121,1402,53.8
4/12/20,122,26,18.7,34,9,5.5,37.8,-96,-95,-89,-89,-66,24,04/12/0020,0.768433618,0.768845398,0.700787777,0.819228133,47.43772569,81.42525062,57.53875218,122,1303,57
4/13/20,95,34.5,17.5,53,12,7.4,42.3,-96,-96,-84,-90,-91,43,04/13/0020,0.762728757,0.762837912,0.705967425,0.826201689,45.22830448,78.43196383,89.67835661,95,651,68
4/14/20,28,55.6,14.5,50,16,6.4,41.1,-80,-33,-74,-74,-61,31,04/14/0020,0.757630289,0.757568502,0.690455854,0.811808769,43.06956184,75.49272515,56.39762922,28,256,64
4/15/20,60,57.5,10,38,13,13.3,28.9,-80,-31,-73,-73,-60,31,04/15/0020,0.752112294,0.748882957,0.695100706,0.818705734,40.96140015,72.62071752,40.03470609,60,921,60.6
4/16/20,110,60,12.5,38,14,10.1,28.9,-78,-33,-73,-74,-59,32,04/16/0020,0.747079535,0.745999701,0.672451933,0.801042993,38.90680421,69.80873965,47.13988928,110,1434,63.4
4/17/20,129,40.5,15.5,38,17,10.6,33.8,-78,-29,-75,-75,-59,33,04/17/0020,0.740540791,0.739225198,0.672004426,0.790844352,36.90877084,67.0694082,45.29984186,129,1750,64.4
4/18/20,60,61,17.5,38,17,8.3,35,-85,-43,-83,-78,-58,27,04/18/0020,0.734186822,0.73364684,0.666281117,0.78425133,34.96963181,64.40196339,48.96675207,60,753,60.4
4/19/20,61,67.2,17.4,21,14,5.1,33.8,-94,-84,-87,-86,-57,23,04/19/0020,0.727824269,0.727786105,0.668292235,0.782796661,33.0868661,61.7977626,0,0,0,59
4/20/20,82,93,14,13,11,8.7,19.1,-78,-46,-79,-77,-57,29,04/20/0020,0.722787248,0.723688254,0.665722388,0.780232224,31.25779767,59.26349585,89.03124479,82,566,62.4
4/21/20,43,93,11.5,21,12,11.9,17.5,-78,-41,-76,-74,-58,31,04/21/0020,0.717943191,0.717288244,0.656728097,0.771365651,29.48452925,56.79043989,55.86661259,43,473,55.6
4/22/20,52,64,12.7,42,17,11,33.3,-77,-39,-72,-73,-56,30,04/22/0020,0.714990421,0.714101204,0.658599591,0.769369165,27.77305822,54.37641475,60.75228593,52,526,53.8
4/23/20,54,56.5,13.5,61,20,12.4,37,-77,-37,-70,-72,-57,30,04/23/0020,0.711052503,0.707676821,0.651673598,0.761658948,26.12923366,52.01842362,61.45327384,54,540,51.2
4/24/20,62,46.5,17.5,53,16,6.9,42.3,-75,-23,-71,-72,-57,31,04/24/0020,0.707257484,0.704460511,0.647148421,0.759321071,24.55915622,49.72332611,54.58600256,62,698,51.8
4/25/20,69,44.2,18.8,34,10,3.7,39.4,-95,-94,-84,-85,-75,30,04/25/0020,0.70472115,0.705569211,0.646920817,0.759574178,23.06368671,47.47191551,46.8538773,69,905,52.6
4/26/20,54,49,17.7,25,8,5.1,40.7,-91,-57,-83,-83,-51,22,04/26/0020,0.703620978,0.704280591,0.642525557,0.760232184,21.63940774,45.28386184,41.53287594,54,799,53.2
4/27/20,35,51.2,19,25,8,8.7,35.4,-71,-31,-66,-69,-52,26,04/27/0020,0.702281639,0.700907678,0.644649196,0.757323979,20.28693871,43.14964423,70.49703653,35,305,48
4/28/20,72,71.1,16.3,13,5,5.1,25.6,-75,-36,-70,-71,-54,27,04/28/0020,0.703197453,0.700861838,0.649226624,0.760994512,19.00964736,41.06891146,27.7406628,72,1595,54.4
4/29/20,89,72,16.3,21,8,13.8,28.5,-74,-33,-67,-70,-53,28,04/29/0020,0.704185715,0.702793822,0.63660144,0.751024541,17.80746672,39.04363504,71.58823786,89,764,46.6
4/30/20,64,54.7,18.7,13,6,3.7,26.9,-71,-21,-67,-69,-53,27,04/30/0020,0.70458132,0.703877513,0.642376659,0.758530745,16.6808311,37.07572231,44.84617476,64,877,46.25
5/1/20,42,60.2,18.3,13,6,5.5,28.9,-94,-94,-79,-87,-88,45,05/01/0020,0.706792448,0.70567071,0.644853877,0.764873981,15.62908659,35.16704978,39.89238797,42,647,39.2
5/2/20,49,61.5,19.5,21,9,6.4,32.1,-79,-32,-76,-73,-53,25,05/02/0020,0.70776581,0.706138119,0.65035048,0.770769331,14.64709127,33.31950625,53.39025564,49,564,49.2
5/3/20,43,61.5,17.1,21,12,5.1,31.7,-90,-66,-80,-81,-46,22,05/03/0020,0.709700008,0.706399312,0.648840626,0.773536535,13.73121112,31.53492399,33.53414689,43,788,55.8
5/4/20,40,51.6,17,25,11,11,37,-57,-25,-13,-53,-40,18,05/04/0020,0.711420366,0.709100391,0.653188718,0.777594196,12.87749977,29.81517387,42.82458108,40,574,68.25
5/5/20,29,51.2,20,17,11,21.1,33.8,-60,-26,-19,-54,-42,20,05/05/0020,0.715000971,0.713900295,0.660697126,0.783218843,12.08163266,28.16203334,20.62667756,29,864,68.25
5/6/20,27,73.2,16.5,21,15,15.6,26.4,-61,-26,-31,-56,-42,21,05/06/0020,0.719074724,0.719166335,0.657624276,0.780479642,11.34015164,26.57716326,24.95095329,27,665,53.5
5/7/20,39,53,16.5,21,10,11.5,39.4,-59,-27,-13,-54,-41,20,05/07/0020,0.720733676,0.719149481,0.65906994,0.784135861,10.6511907,25.06195119,25.55093475,39,938,56.75
5/8/20,35,56,18.7,25,13,19.7,38.6,-60,-20,-24,-57,-41,21,05/08/0020,0.725805707,0.725706075,0.662742245,0.785932912,10.01315142,23.61720116,26.852242,35,801,51.6
5/9/20,31,38.5,20.5,25,10,6.9,43.1,-63,-25,-25,-53,-41,16,05/09/0020,0.729030083,0.725281133,0.664898399,0.789175953,9.420612328,22.24314121,28.22298502,31,675,55
5/10/20,22,49,20.5,25,10,6,39,-73,-53,-22,-58,-28,13,05/10/0020,0.734513741,0.732502213,0.666658362,0.792996422,8.870412175,20.93939413,17.95447576,22,753,72.25
5/11/20,11,59.7,18.6,13,4,6.4,30.5,-56,-28,-34,-57,-37,18,05/11/0020,0.739291343,0.737821409,0.669756699,0.798358443,8.360273445,19.7049838,22.15621148,11,243,62
5/12/20,21,63.2,19.5,13,7,13.3,26.9,-55,-23,-13,-53,-38,19,05/12/0020,0.744332184,0.742560096,0.676450222,0.810528347,7.887986045,18.53844707,16.01139889,21,806,45.2
5/13/20,21,87,15.9,25,13,12.8,22.8,-57,-24,-23,-54,-38,19,05/13/0020,0.749570782,0.744926114,0.67354224,0.810498029,7.451434968,17.43804703,12.79007682,21,1009,39.2
5/14/20,15,84.1,18.5,50,29,11.9,26.9,-56,-24,-21,-54,-38,18,05/14/0020,0.755873953,0.753099432,0.687233026,0.818842589,7.047524712,16.4018447,16.34395581,15,564,45.2
5/15/20,12,54,20.5,25,14,14.2,32.1,-56,-19,-22,-55,-38,19,05/15/0020,0.764467201,0.763910183,0.697859776,0.833022335,6.673843911,15.42761962,14.74878572,12,500,47.6
5/16/20,15,72,17.5,25,13,8.7,25.6,-61,-23,-38,-54,-36,16,05/16/0020,0.772821613,0.773056548,0.698688783,0.830883595,6.328895259,14.51288218,18.11000212,15,509,52.6
5/17/20,12,73,19.8,53,20,7.8,37.8,-67,-45,-1,-54,-20,12,05/17/0020,0.78367815,0.783688882,0.718688751,0.850318663,6.012379269,13.65505061,0,0,0,54
5/18/20,1,74.5,20,50,23,10.1,30.9,-36,-19,1,-46,-31,13,05/18/0020,0.79178124,0.791404974,0.721619363,0.851060828,5.723312859,12.85153179,2.014201044,1,89,49.4
5/19/20,12,80,19,50,22,13.3,25.6,-41,-18,-21,-49,-33,16,05/19/0020,0.801403334,0.800051266,0.732822068,0.859599741,5.460536221,12.09975031,13.580834,12,543,47.25
5/20/20,8,75.5,18.1,34,13,12.4,28.1,-38,-16,-7,-47,-33,15,05/20/0020,0.813161289,0.811214259,0.750788059,0.878668753,5.221322917,11.39711368,8.685975102,8,566,40.8
5/21/20,10,56,20,30,13,11.9,38.2,-35,-16,23,-43,-33,14,05/21/0020,0.826797039,0.82212512,0.765159614,0.894859426,5.003010034,10.74099758,12.61874206,10,487,48.4
5/22/20,9,52.7,22,38,16,17.4,43.5,-36,-11,15,-45,-32,14,05/22/0020,0.841745253,0.840417785,0.779795311,0.91363632,4.80536061,10.12886752,16.46069835,9,336,52.8
5/23/20,11,48.5,23.7,38,13,6.4,41.5,-36,-14,23,-36,-25,8,05/23/0020,0.855987172,0.856406504,0.797004905,0.932924065,4.628779735,9.558396059,10.33617756,11,654,47.6
5/24/20,11,62,20.5,30,13,10.6,36.6,-43,-29,24,-43,-8,6,05/24/0020,0.870167572,0.870507691,0.798283917,0.935222601,4.472897082,9.027443725,9.285522147,11,728,42.8
5/25/20,14,50.2,19.8,30,10,18.8,40.7,-30,-17,23,-42,-29,11,05/25/0020,0.883925249,0.881521637,0.810008908,0.951551743,4.336220504,8.534048032,15.04101108,14,572,53.6
5/26/20,10,44.7,19.7,25,12,6.4,33.3,-31,-14,25,-42,-30,12,05/26/0020,0.901901729,0.900858985,0.831394441,0.980505081,4.216881863,8.076290407,7.605603199,10,808,47.8
5/27/20,2,45.8,19.2,25,11,8.7,35.8,-31,-13,27,-41,-30,12,05/27/0020,0.918487234,0.919891977,0.849357984,0.993724494,4.113235313,7.652230612,4.028402087,2,226,53.8
5/28/20,30,43,20.4,21,10,10.6,41.5,-31,-14,23,-42,-30,12,05/28/0020,0.937892322,0.937121303,0.867303225,1.016469823,4.025579238,7.260012009,10.88310635,30,1694,55.4
5/29/20,8,70,15.5,13,5,10.1,30.1,-34,-11,-9,-47,-31,14,05/29/0020,0.954835393,0.952634115,0.875140966,1.028465289,3.954105426,6.897987294,10.59539204,8,464,56.8
5/30/20,10,58.2,17.5,13,8,8.7,33.8,-31,-10,30,-32,-21,6,05/30/0020,0.974794389,0.971558384,0.891572206,1.047980071,3.898516999,6.564710862,5.653475055,10,1087,49.8
5/31/20,5,65,17,13,7,7.4,33.3,-36,-23,37,-39,0,4,05/31/0020,0.994162653,0.991870591,0.906378463,1.068763289,3.857925463,6.258849101,9.879947563,5,311,51.4
6/1/20,8,50,19.8,13,9,11,39,-14,3,88,-36,-44,11,06/01/0020,1.01216183,1.01204198,0.92686931,1.092659469,3.832139176,5.979079199,7.993921801,8,615,43
6/2/20,5,50,21.8,13,8,6,40.3,-34,-50,139,-44,-76,18,06/02/0020,1.031963376,1.031579195,0.949413924,1.121848663,3.821356818,5.724052305,4.900580051,5,627,47.2
6/3/20,2,53.2,22,13,4,8.7,34.2,-27,-7,21,-34,-28,9,06/03/0020,1.051984907,1.052327605,0.949726871,1.123244808,3.824669945,5.492526731,4.028402087,2,177,47.2
6/4/20,5,72,19,13,4,13.8,25.6,-33,-12,-29,-44,-30,13,06/04/0020,1.069965497,1.068734652,0.976985469,1.14548907,3.841916851,5.283411252,5.2434534,5,586,50.2
6/5/20,2,73.6,19.8,13,7,15.1,31.3,-22,-7,28,-36,-28,10,06/05/0020,1.086374339,1.086321893,0.998053099,1.178011413,3.873756216,5.095750156,3.583281274,2,343,51
6/6/20,4,58.8,21.7,13,7,3.7,29.7,-22,-11,49,-24,-19,2,06/06/0020,1.104397932,1.10096912,1.014916891,1.198792799,3.919712477,4.92866309,3.277507938,4,750,58.6
6/7/20,0,60.4,21.8,25,9,4.2,26.9,-30,-20,24,-34,0,2,06/07/0020,1.121771019,1.122025005,1.030857638,1.214028052,3.978792799,4.781346447,0,0,0,60.2
6/8/20,3,88,18,46,15,9.6,19.1,-24,-14,-2,-38,-26,9,06/08/0020,1.135831048,1.140120021,1.04141418,1.219268487,4.051472529,4.653096202,6.042603131,3,216,58.2
6/9/20,4,82,16.4,30,11,9.6,24,-23,-12,7,-37,-27,10,06/09/0020,1.150605345,1.151535272,1.065428535,1.237748817,4.138630969,4.54326131,3.184107453,4,772,57.6
6/10/20,4,77,16,25,7,8.7,31.3,-21,-10,13,-36,-27,9,06/10/0020,1.161979482,1.162281032,1.065988715,1.247066058,4.239623475,4.451247502,3.260120628,4,754,59
6/11/20,8,82.8,16.3,30,10,12.4,30.1,-20,-10,11,-37,-27,9,06/11/0020,1.17044836,1.168140216,1.08644209,1.272241843,4.354100077,4.376571259,3.758610021,8,1308,53.2
6/12/20,14,63.5,21.2,34,10,11,34.6,-16,-7,51,-32,-27,6,06/12/0020,1.17742877,1.174885797,1.073687672,1.266449823,4.48159433,4.318813629,4.769101074,14,1804,48.4
6/13/20,15,64,21,30,10,6,33.3,-23,-12,27,-27,-16,2,06/13/0020,1.183164203,1.179291457,1.087095666,1.273622023,4.620582984,4.277545462,3.137505472,15,2938,51.6
6/14/20,7,66,20.6,13,7,7.4,35.4,-22,-15,44,-27,7,0,06/14/0020,1.186599023,1.185955658,1.084887938,1.270494118,4.769940463,4.252382909,2.272440132,7,1893,56
6/15/20,5,75.5,19.7,25,6,9.6,25.6,-18,-12,16,-34,-24,7,06/15/0020,1.189533205,1.190149001,1.094751301,1.27994392,4.929272942,4.243042974,2.417516674,5,1271,53.6
6/16/20,2,69.2,22.3,21,8,8.3,36.6,-13,-8,49,-31,-24,7,06/16/0020,1.189655911,1.187548258,1.098142488,1.285457871,5.097716625,4.249293457,2.433793024,2,505,61.2
6/17/20,5,73,21.1,21,8,8.3,34.6,-16,-9,31,-33,-25,7,06/17/0020,1.188543324,1.187613245,1.08838194,1.271123703,5.274496199,4.270922608,2.034876617,5,1510,57.8
6/18/20,16,52,21.5,13,7,6,36.6,-13,-11,55,-29,-25,6,06/18/0020,1.188972816,1.187134546,1.094695742,1.278800314,5.458515447,4.307696178,4.518623077,16,2176,55.4
6/19/20,12,52.2,21.6,13,5,9.2,34.2,-14,-8,52,-29,-26,5,06/19/0020,1.185032728,1.184629552,1.084792936,1.271666561,5.648443038,4.359280532,3.665205199,12,2012,50.2
6/20/20,9,53.7,22.6,13,7,9.6,40.3,-16,-12,58,-16,-14,-2,06/20/0020,1.181882883,1.182113063,1.08946972,1.278586834,5.844417724,4.425238551,3.409861064,9,1622,46.4
6/21/20,14,55.2,23.2,30,9,6.9,43.5,-22,-20,54,-16,10,-5,06/21/0020,1.179060051,1.175945724,1.087639879,1.271324066,6.045004151,4.505075217,3.351561487,14,2567,48.8
6/22/20,11,48,25,34,10,11,45.1,-12,-11,59,-27,-24,4,06/22/0020,1.17539267,1.173375887,1.082513297,1.275346359,6.248601066,4.598230213,9.467591208,11,714,51.4
6/23/20,5,45.2,26.5,42,11,10.6,59.7,-10,-9,68,-27,-25,5,06/23/0020,1.170695213,1.17031603,1.072149675,1.262242278,6.455485296,4.704100877,4.988090409,5,616,52.6
6/24/20,0,53.5,24.8,55,17,17,46.3,-11,-9,68,-26,-25,5,06/24/0020,1.163991858,1.163411451,1.064885557,1.251017707,6.665489696,4.822029579,0,0,0,57.6
6/25/20,31,67,25.2,21,14,8.3,52.6,-11,-8,60,-27,-24,5,06/25/0020,1.158714461,1.155171063,1.051904592,1.249343263,6.877245281,4.95126781,6.244023236,31,3051,56.2
6/26/20,23,61,25.2,42,17,10.1,48.4,-12,-8,62,-24,-26,4,06/26/0020,1.149918627,1.146848529,1.04097947,1.23879843,7.088627093,5.091075283,7.644268785,23,1849,54
6/27/20,28,47.5,26.2,34,10,8.7,48.4,-17,-12,57,-13,-16,-3,06/27/0020,1.139726547,1.137821827,1.029865996,1.229806086,7.298696965,5.240683715,8.552145465,28,2012,54.6
6/28/20,4,48,27.5,34,13,5.1,53.2,-23,-20,48,-13,14,-6,06/28/0020,1.133784999,1.129855716,1.022990219,1.222725855,7.50545952,5.399246511,5.561382248,4,442,46.8
6/29/20,6,45.2,27.7,25,12,6,44.7,-10,-9,58,-24,-22,3,06/29/0020,1.12561374,1.124924672,1.018537376,1.227832658,7.705766918,5.56593704,5.430333477,6,679,50.4
6/30/20,8,53,26.9,34,16,12.4,NA,-9,-8,62,-27,-23,4,06/30/0020,1.118307505,1.116360816,1.00674338,1.218879366,7.900584876,5.739993815,3.7701395,8,1304,61.5
7/1/20,8,52.2,26,30,13,8.3,42.3,-10,-8,51,-26,-23,3,07/01/0020,1.111596947,1.112635687,0.990421664,1.211039818,8.090539496,5.920646893,3.604297586,8,1364,67.33333333
7/2/20,14,65,26.5,38,22,11.5,48.8,-9,-9,57,-26,-23,3,07/02/0020,1.105522827,1.102131802,0.998332086,1.223257821,8.27453251,6.107033538,6.037514623,14,1425,76
7/3/20,17,75,24.4,25,11,14.2,39,-14,-8,31,-28,-25,5,07/03/0020,1.099116255,1.097797989,0.976222471,1.213249805,8.452845471,6.298220313,6.346935938,17,1646,72
7/4/20,16,73.2,22.5,30,10,8.7,30.1,-13,-10,53,-13,-15,-2,07/04/0020,1.096950252,1.091352675,0.960130036,1.218111314,8.626426178,6.493169232,9.180694505,16,1071,74
7/5/20,8,55.5,26.1,34,12,10.6,46.8,-20,-18,48,-13,10,-7,07/05/0020,1.093567576,1.088517825,0.972854556,1.227121651,8.795458261,6.690659736,6.262754022,8,785,
7/6/20,7,54,27.5,42,15,13.3,54.5,-9,-10,65,-23,-23,2,07/06/0020,1.091377332,1.091416604,0.950912672,1.219196904,8.962709438,6.889488449,14.09940731,7,269,
7/7/20,5,63.5,22.5,21,18,11.5,27.7,-6,-5,67,-26,-25,4,07/07/0020,1.08788084,1.089499476,0.958302427,1.236220986,9.130443992,7.088588502,5.797478665,5,530,
7/8/20,17,49.5,23,30,16,12.4,45.5,-9,-11,67,-25,-22,2,07/08/0020,1.085055324,1.084900257,0.952114928,1.232871587,9.299212231,7.286974643,10.75906957,17,971,
7/9/20,14,52,25.4,46,16,13.3,61.7,-9,-10,65,-25,-23,2,07/09/0020,1.08594856,1.084017294,0.918669528,1.216692382,9.468736666,7.483787387,2.868775705,14,2999,
7/10/20,23,53.2,26.5,50,19,12.4,70.8,-10,-8,64,-23,-25,2,07/10/0020,1.084408498,1.080740886,0.92808181,1.243678375,9.639232069,7.678350403,13.60370836,23,1039,
7/11/20,20,61,24.3,46,18,6.4,53.9,-19,-14,27,-15,-14,-2,07/11/0020,1.083095271,1.079766931,0.92242146,1.257970985,9.814611892,7.870136544,11.42254161,20,1076,
7/12/20,19,72,21.5,21,10,6.9,34.6,-14,-11,55,-10,13,-6,07/12/0020,1.082358273,1.079253239,0.892141342,1.228906968,9.996428388,8.058947548,19.72317911,19,592,
7/13/20,0,55,21.5,34,10,12.8,36.6,-6,-8,73,-21,-22,1,07/13/0020,1.083756795,1.0777393,0.91583236,1.257413401,10.18371308,8.244922951,0,0,0,
7/14/20,5,67.5,16.8,NA,NA,NA,NA,-5,-8,80,-24,-24,2,07/14/0020,1.084054648,1.084539015,0.892888829,1.24874992,10.37729424,8.428402051,3.523696895,5,872,
7/15/20,0,NA,NA,NA,NA,NA,NA,-6,-8,64,-26,-22,2,07/15/0020,1.084392867,1.077825215,0.883243572,1.243827407,10.58055805,8.609806218,0,0,0,
7/16/20,17,NA,NA,NA,NA,NA,NA,-5,-10,71,-24,-23,2,07/16/0020,1.087628999,1.07720791,0.901249447,1.278855466,10.79513726,8.789587531,10.32317841,17,1012,
7/17/20,21,NA,NA,NA,NA,NA,NA,-6,-5,57,-23,-25,3,07/17/0020,1.088546809,1.076760682,0.866499549,1.26014248,11.02113345,8.968421079,9.896616187,21,1304,
7/18/20,8,NA,NA,NA,NA,NA,NA,-11,-12,60,-6,-13,-4,07/18/0020,1.089779145,1.078657119,0.869767638,1.266430159,11.26313706,9.147192409,7.657728828,8,642,
7/19/20,3,NA,NA,NA,NA,NA,NA,-15,-16,57,-6,16,-8,07/19/0020,1.088983862,1.076579431,0.875401333,1.27927716,11.52380363,9.326789098,6.042603131,3,117,
7/20/20,7,NA,NA,NA,NA,NA,NA,-5,-10,77,-21,-23,1,07/20/0020,1.088453799,1.076250081,0.871153469,1.288014881,11.80206869,9.508061623,13.19548825,7,326,
7/21/20,7,NA,NA,NA,NA,NA,NA,-5,-9,80,-25,-24,2,07/21/0020,1.088815651,1.073120061,0.85184519,1.279948676,12.09555193,9.69201354,3.702004448,7,1162,
7/22/20,16,NA,NA,NA,NA,NA,NA,NA,NA,NA,NA,NA,NA,07/22/0020,1.088316237,1.074173599,0.843111366,1.284248456,12.4040962,9.879784126,10.71081026,16,918,