"","Date","Daily","Humidity","Temperature","pm25","pm10","no2","o3","retail","grocery","parks","transit","work","home","date","mean","median","lower_80","upper_80","infections","test_adjusted_positive","test_adjusted_positive_raw","positive","tests"
"1",2020-02-24,0,NA,NA,107,49,27,31.3,-18,27,28,-32,-22,9,2020-02-24,1.91413683329833,1.90460297040849,1.70831607261943,2.04618894086988,135.549998324715,13.4501016589451,0,0,0
"2",2020-02-25,0,76.5,11.6,132,50,29.3,11,-22,3,8,-37,-23,11,2020-02-25,1.83062925981926,1.81994846051888,1.65274792628842,1.96428527913477,158.442497956114,20.9883698767535,0,0,0
"3",2020-02-26,2,30.5,9.3,104,43,27,29.3,-23,-7,-5,-40,-23,11,2020-02-26,1.74454014955641,1.73602247207545,1.59713486451107,1.87277133699687,182.024049101079,26.7230324464616,0,0,0
"4",2020-02-27,8,30.1,7.9,38,15,32.5,30.1,-19,-7,7,-39,-23,10,2020-02-27,1.65300779675363,1.64643123070814,1.52481789140776,1.79078381782028,206.755376791799,33.5792034633905,0,0,0
"5",2020-02-28,3,30.3,7.7,50,19,42.1,35.8,-16,-6,32,-37,-24,10,2020-02-28,1.56168283718291,1.55268898892466,1.4281088373831,1.6738926258648,232.628105701013,42.7812281166254,8.07623482740811,3,36
"6",2020-02-29,1,41.6,9,53,21,24.7,28.5,-24,-5,-12,-34,-20,8,2020-02-29,1.47173834556798,1.46944113550634,1.3580263386429,1.57465587346651,258.844463652363,51.9094431584762,2.69207827580271,1,11
"7",2020-03-01,35,93.1,6.6,NA,NA,NA,NA,-33,-9,-38,-40,-14,7,2020-03-01,1.38805493822454,1.38613033439048,1.27057785063706,1.4805370294061,284.495396203815,63.9016767434903,94.2227396530947,35,110
"8",2020-03-02,11,95.2,4.6,NA,NA,NA,NA,-26,-18,-53,-44,-20,11,2020-03-02,1.31075286529877,1.30828120173472,1.21722332792435,1.40536153774354,308.76589977689,74.9973402198207,29.6128610338298,11,43
"9",2020-03-03,26,NA,NA,63,21,22.9,7.4,-13,-1,16,-35,-19,9,2020-03-03,1.240329216966,1.23985412719339,1.13330214472184,1.31835010736914,330.956897795661,88.4452972814609,69.9940351708703,26,161
"10",2020-03-04,41,65.7,7.8,46,16,29.3,27.3,-14,-1,46,-34,-19,8,2020-03-04,1.17377048413463,1.1742833325629,1.0923090237464,1.27019874541363,350.511783207601,104.505472477654,100.409904696111,41,350
"11",2020-03-05,28,71.6,6.2,38,13,18.8,26.4,-22,-6,-31,-42,-21,11,2020-03-05,1.1112267686256,1.10938971991893,1.03280803631183,1.20304180953722,366.995135880838,120.646971786738,0,0,0
"12",2020-03-06,27,82.2,5.8,63,20,27,17.9,-20,-2,1,-40,-22,11,2020-03-06,1.05303426110466,1.0515768809176,0.970210673936672,1.1330529368392,380.012832329378,138.922717893978,72.686113446673,27,90
"13",2020-03-07,231,64.4,9,76,25,24.7,28.1,-25,-1,54,-31,-19,7,2020-03-07,1.00449387829057,1.00499176700639,0.926812242075717,1.08341743274155,389.233272872536,158.366013567822,311.816431522204,231,635
"14",2020-03-08,88,51.2,8.1,30,9,31.1,35.8,-48,-1,16,-42,-19,8,2020-03-08,0.959866070331912,0.959354015272105,0.878650560125716,1.0247267391361,394.492995263323,179.534392835686,236.902888270638,88,315
"15",2020-03-09,238,70.2,8.3,61,20,27.5,28.9,-42,-9,-35,-57,-31,16,2020-03-09,0.918998065345318,0.917914283712943,0.847629422897263,0.987822621015734,395.640447028038,200.341788922273,640.714629641044,238,298
"16",2020-03-10,51,57.8,8.4,82,33,29.3,23.6,-50,-8,-25,-61,-38,20,2020-03-10,0.882547971519879,0.882229906910912,0.816607306793042,0.958160495503112,393.772988373251,221.664525328596,137.295992065938,51,213
"17",2020-03-11,561,59.6,11.6,74,29,27.5,31.3,-57,-13,-23,-65,-43,22,2020-03-11,0.850073125693004,0.850499982515117,0.784261556869862,0.915428420028616,388.580463236357,242.934121066532,307.45874847298,561,1564
"18",2020-03-12,247,72.6,12,117,50,25.2,24.4,-74,-26,-62,-74,-52,28,2020-03-12,0.823111770200687,0.821398329979663,0.760806601910768,0.881624801746076,380.426418179684,263.543316545259,317.418227263641,247,667
"19",2020-03-13,186,72.3,13.3,63,25,15.1,29.3,-78,-27,-57,-76,-58,31,2020-03-13,0.80135748986443,0.801136098585322,0.736711578054101,0.860595002947458,369.831272159964,282.949482790595,296.340774128063,186,538
"20",2020-03-14,338,73.3,10,72,23,13.3,26.4,-86,-46,-80,-80,-63,26,2020-03-14,0.783228159688084,0.783009669718946,0.719316961612551,0.84017102811677,357.301462640165,300.977741849631,360.347400969237,338,804
"21",2020-03-15,351,70.3,6.7,46,10,10.6,35,-91,-58,-78,-83,-57,22,2020-03-15,0.76834519405637,0.766373333511624,0.708145993524184,0.822710446320383,343.374142617867,316.891153351961,420.786518571285,351,715
"22",2020-03-16,445,58.6,8.3,59,18,23.8,34.6,-78,-35,-62,-79,-63,30,2020-03-16,0.756262061592825,0.755622687663034,0.694178602550319,0.805554300040265,328.53795181692,330.450684548576,369.249938762763,445,1033
"23",2020-03-17,382,57.6,11.7,89,32,35.2,37.4,-80,-39,-59,-80,-65,32,2020-03-17,0.747648889173785,0.745292752853666,0.683832546511321,0.793909680487279,313.18762144483,341.565880151474,467.095934653284,382,701
"24",2020-03-18,484,52.8,14.3,99,40,29.8,41.1,-82,-42,-67,-81,-66,33,2020-03-18,0.742596516157156,0.739765009296312,0.688367421035654,0.799071771275449,297.643709542075,350.171353994508,505.315880559734,484,821
"25",2020-03-19,463,57,13,78,30,31.1,43.1,-82,-43,-72,-82,-67,34,2020-03-19,0.738946175676905,0.736498673919034,0.678203163579071,0.790106023186684,282.199085712794,355.978902646832,571.027375188797,463,695
"26",2020-03-20,401,59.1,14.3,93,39,16,45.9,-82,-40,-76,-82,-68,36,2020-03-20,0.736792274773303,0.733932987478499,0.680166358321933,0.78978937362947,267.125078376049,359.13152065057,413.622439144703,401,831
"27",2020-03-21,380,74.5,12.6,91,34,12.4,41.9,-88,-55,-84,-83,-67,27,2020-03-21,0.736031320900143,0.73393316276823,0.686283571437867,0.799669415361983,252.594541681058,359.579957532154,291.602448295363,380,1117
"28",2020-03-22,289,57.2,10.5,61,20,5.1,38.2,-95,-80,-92,-89,-65,24,2020-03-22,0.738741132016844,0.735588278019431,0.685787564034373,0.8030452715196,238.691671981303,357.706183739614,374.763361500005,289,661
"29",2020-03-23,588,45.3,5.4,38,14,12.4,29.7,-84,-47,-82,-86,-74,35,2020-03-23,0.741690162084068,0.741401521412211,0.673934771201589,0.786408867209376,225.474250912703,353.580524705825,504.008741133162,588,1000
"30",2020-03-24,393,35.5,6.8,46,15,10.6,32.9,-84,-48,-78,-85,-74,36,2020-03-24,0.745645010362429,0.744681340494305,0.687725842729604,0.801488810619876,213.030726475311,347.54854473846,481.92129491434,393,699
"31",2020-03-25,299,42.7,5.4,46,14,10.6,33.3,-86,-50,-82,-86,-75,37,2020-03-25,0.751559450559138,0.74931151618691,0.694448112048093,0.804429695960301,201.406318599509,339.789716273109,283.193546057082,299,905
"32",2020-03-26,334,60.1,6.1,61,21,16,26.4,-86,-51,-83,-86,-77,39,2020-03-26,0.75844417121031,0.756665407900374,0.702099296849069,0.813206850538635,190.586385827698,330.697727334083,360.567606407058,334,794
"33",2020-03-27,374,63.4,10.5,70,29,15.6,28.5,-86,-47,-82,-86,-77,40,2020-03-27,0.766219523177813,0.764196919960917,0.701097088279793,0.81263424601277,180.562298922044,320.473001772449,253.420544195911,374,1265
"34",2020-03-28,373,50.1,13.5,104,69,16.5,37.8,-89,-59,-85,-85,-70,28,2020-03-28,0.774974682967665,0.772424111348801,0.719193964354287,0.835268019763248,171.325846983378,309.45411678159,273.264812551121,373,1170
"35",2020-03-29,335,50.7,14.4,76,62,8.3,43.1,-95,-81,-91,-89,-65,24,2020-03-29,0.784474692840925,0.781432375982491,0.72048127806372,0.841023131036722,162.848189940194,297.835692953889,278.784307971087,335,1030
"36",2020-03-30,200,57.4,13,55,29,7.4,37.4,-85,-48,-82,-85,-75,36,2020-03-30,0.793533190991043,0.79087135389882,0.732734632794636,0.854708410825532,155.092098667947,285.902287087188,270.396758049079,200,634
"37",2020-03-31,154,53.3,5.8,34,10,11.5,27.3,-92,-42,-78,-84,-76,37,2020-03-31,0.803323993467051,0.801168050021407,0.744820001908532,0.862083405107762,148.018707481085,273.818385244064,250.478727408728,154,527
"38",2020-04-01,231,50.3,5.5,50,15,11.5,33.3,-92,-40,-78,-84,-75,37,2020-04-01,0.814049653436169,0.813109346654942,0.748153907946468,0.872429739256227,141.571339845741,261.806399076978,197.018342305074,231,1005
"39",2020-04-02,159,48.7,7.1,61,20,10.1,39.8,-92,-40,-78,-84,-75,38,2020-04-02,0.823641132045107,0.822258917564966,0.762559746528706,0.889400371195196,135.696351235901,249.888612202294,162.054789488083,159,841
"40",2020-04-03,257,52.7,9.3,85,30,16.5,46.8,-88,-39,-78,-84,-74,39,2020-04-03,0.833776972495452,0.832922599958441,0.765826246700551,0.892235015930831,130.365566002743,238.296885406493,184.342706958163,257,1195
"41",2020-04-04,166,49.4,11.6,87,32,17,53.2,-91,-53,-84,-84,-68,28,2020-04-04,0.841587102152021,0.841046613191947,0.782360146428077,0.911244257340053,125.534551198157,227.100582924203,200.688550099558,166,709
"42",2020-04-05,160,37.6,12.8,63,20,9.6,47.2,-96,-77,-90,-88,-64,24,2020-04-05,0.849852376819332,0.849596146962393,0.779734677762739,0.909657517330068,121.151894057016,216.384229834302,141.386840909787,160,970
"43",2020-04-06,137,43.6,13.7,63,21,12.4,51.9,-86,-39,-77,-83,-71,34,2020-04-06,0.855795720835685,0.855847681011328,0.795338878242825,0.929576379334554,117.151455483033,206.135591720156,184.930091422259,137,635
"44",2020-04-07,117,30.9,14.2,68,27,21.5,52.6,-85,-39,-75,-83,-72,35,2020-04-07,0.860636291680696,0.859068910919133,0.793659561811294,0.929350792121341,113.477169684863,196.457807015914,156.210986904709,117,642
"45",2020-04-08,315,33.4,13.3,57,21,18.3,51.3,-85,-37,-77,-83,-71,35,2020-04-08,0.864952070252102,0.86222472856979,0.790949997151651,0.931727842887657,110.081609983754,187.338121549067,113.49503268176,315,2379
"46",2020-04-09,213,35.8,14.8,63,25,24.7,57.1,-84,-33,-77,-83,-71,35,2020-04-09,0.867585412109237,0.864391856187401,0.787783624484732,0.92115691628433,106.912826880984,178.789908933371,126.612063108404,213,1442
"47",2020-04-10,247,36.7,16.4,65,25,18.8,57.1,-84,-29,-77,-82,-73,38,2020-04-10,0.868406012821104,0.864832939304785,0.790965408141521,0.930831513317472,103.932851818857,170.823673876886,113.949385137163,247,1858
"48",2020-04-11,230,37.5,15.5,57,21,22.9,57.8,-89,-47,-83,-82,-67,27,2020-04-11,0.867398264190033,0.865083619895384,0.793930879079882,0.93378842698415,101.106440830407,163.390869949795,132.669095756113,230,1486
"49",2020-04-12,269,32.5,17.2,46,14,6.9,NA,-97,-95,-91,-90,-68,25,2020-04-12,0.867559329755183,0.867572446392958,0.795930935947468,0.935888284131088,98.3908078042535,156.502171650253,131.307191054209,269,1756
"50",2020-04-13,190,30.9,16.8,50,15,8.7,NA,-96,-84,-85,-92,-92,43,2020-04-13,0.86466264437754,0.862922030913949,0.779111309419953,0.920351027167278,95.7449700731657,150.118531899015,205.631271935556,190,792
"51",2020-04-14,35,55,14.4,57,23,12.4,48.4,-83,-40,-74,-82,-68,34,2020-04-14,0.861367915649237,0.857573361972677,0.789838016109242,0.926340548210348,93.1568577308413,144.231963120624,94.2227396530947,35,131
"52",2020-04-15,94,48.5,11.1,50,19,7.4,41.9,-83,-38,-75,-82,-67,34,2020-04-15,0.858481930801925,0.858293398373182,0.783841128075992,0.923117054923047,90.6078998113264,138.752095533119,99.8424113549748,94,807
"53",2020-04-16,168,45.7,14,57,22,15.6,46.3,-82,-38,-75,-82,-67,34,2020-04-16,0.854076542856323,0.851043906041136,0.79038744860718,0.931887686250759,88.0726324836478,133.686977925129,75.3545251002709,168,1911
"54",2020-04-17,212,44.4,14.8,59,25,24.3,48,-83,-36,-75,-82,-67,36,2020-04-17,0.850559525061091,0.848000610957471,0.787223316300273,0.922360997191532,85.547789934059,128.995671943695,82.3368542271424,212,2207
"55",2020-04-18,191,45.2,16.9,46,21,8.7,45.5,-88,-55,-82,-81,-63,27,2020-04-18,0.843912626799728,0.840000584221276,0.766743062565719,0.902914638773683,83.0294176580644,124.60945035721,90.3516142913775,191,1812
"56",2020-04-19,188,54.6,18.4,55,26,4.6,57.1,-95,-79,-89,-87,-60,23,2020-04-19,0.839068155771048,0.839515432309691,0.767087704976659,0.896838963003051,80.5162698506501,120.531840051091,0,0,0
"57",2020-04-20,58,76.7,14.4,38,14,4.6,29.3,-82,-52,-81,-83,-65,32,2020-04-20,0.833931575755258,0.832095021094136,0.763022902206139,0.889011218631487,77.992960653822,116.698786069369,0,0,0
"58",2020-04-21,74,62.5,12.5,57,20,10.6,34.2,-82,-49,-75,-82,-65,33,2020-04-21,0.82891185426585,0.82910387239669,0.763353816574279,0.885485216630356,75.4565822265782,113.076810081894,0,0,0
"59",2020-04-22,100,39.4,14.5,46,17,11,38.6,-82,-46,-72,-80,-63,32,2020-04-22,0.82415614432679,0.822836275529512,0.757268351606537,0.880381680806042,72.9217142495595,109.629080078256,90.5129591357531,100,947
"60",2020-04-23,130,46.8,14.9,61,26,14.2,53.9,-81,-45,-73,-80,-64,33,2020-04-23,0.81792009341628,0.816188978763569,0.758081362981877,0.887814159709026,70.3969332161144,106.362496616372,150.17588139087,130,742
"61",2020-04-24,167,42.4,18.3,68,30,32.5,66.2,-81,-39,-73,-80,-64,34,2020-04-24,0.813580593704044,0.812504842352213,0.743481944823524,0.865062604980157,67.8873451382651,103.168857065951,156.957609367985,167,912
"62",2020-04-25,65,45.4,19.5,50,18,7.4,49.6,-92,-69,-82,-84,-71,28,2020-04-25,0.811678213850038,0.810262667616835,0.751245394953761,0.876740600427929,65.3877738070969,100.118123999264,95.2397470017313,65,585
"63",2020-04-26,24,41.7,17.6,34,10,6.9,49.2,-94,-74,-86,-85,-57,23,2020-04-26,0.809250095528972,0.807426370601946,0.750934721785658,0.872768176354323,62.9071245363786,97.1502014330183,64.6098786192649,24,147
"64",2020-04-27,35,56.8,18.1,46,19,13.8,41.5,-78,-42,-72,-79,-61,30,2020-04-27,0.807803397978858,0.807520597502397,0.746764594904201,0.869984065966282,60.4761487916373,94.2458064206942,94.2227396530947,35,181
"65",2020-04-28,92,69.3,15.5,38,15,11,33.8,-80,-46,-71,-80,-62,30,2020-04-28,0.805613865085419,0.805457276754266,0.742712917469015,0.870193864755013,58.1127353043856,91.3966761899372,148.789642485724,92,530
"66",2020-04-29,115,79,13.8,9,6,8.7,21.2,-80,-42,-70,-79,-61,31,2020-04-29,0.805185991717195,0.802504956353125,0.748681396605927,0.87710312091828,55.8199575008131,88.5938659471311,90.6836597486586,115,1087
"67",2020-04-30,55,66.8,15.8,30,10,10.1,36.2,-77,-34,-75,-79,-61,31,2020-04-30,0.806683123196613,0.806104649630427,0.74407797646917,0.876910848735898,53.5962876269841,85.8292977860979,86.5021555336825,55,545
"68",2020-05-01,68,73.6,15.1,21,9,3.7,39,-93,-83,-79,-89,-89,45,2020-05-01,0.808658163011033,0.8049860978237,0.733120290237545,0.863273647942874,51.4477327367042,83.0972783975296,90.9309284946327,68,641
"69",2020-05-02,70,48.2,19.7,34,9,6.9,42.7,-83,-45,-76,-77,-58,25,2020-05-02,0.812483309768183,0.810875927896388,0.75248397871678,0.88293731344139,49.3910683560357,80.3942052617524,69.6067756509173,70,862
"70",2020-05-03,29,46.7,18.3,25,8,4.2,43.1,-92,-66,-82,-82,-50,22,2020-05-03,0.816215042507894,0.815106755925423,0.752817687673361,0.879410638508915,47.4370844686511,77.7196787044493,78.0702699982784,29,209
"71",2020-05-04,94,34.5,18.4,21,10,17,48.4,-64,-31,-20,-65,-49,21,2020-05-04,0.819584202056328,0.819651389895573,0.75456320055002,0.87722776572764,45.5916900361743,75.0763424464148,110.222744136067,94,731
"72",2020-05-05,46,53.3,18.5,38,18,18.8,47.6,-65,-31,-17,-66,-49,23,2020-05-05,0.8253676565095,0.822536649506364,0.764787403462729,0.888705783570354,43.8545692347313,72.4685341699929,118.051662451248,46,334
"73",2020-05-06,99,61.7,17.7,46,19,11.5,39.8,-66,-32,-24,-66,-48,23,2020-05-06,0.832836071148818,0.830174159564955,0.763090781542916,0.888334175668656,42.2178104190311,69.9010560137709,85.37083961624,99,994
"74",2020-05-07,124,36.2,17.5,42,16,18.3,55.2,-64,-31,-15,-65,-48,23,2020-05-07,0.839626556843033,0.837210218796439,0.770142767793537,0.897737723001949,40.6838613954268,67.3790335971238,0,0,0
"75",2020-05-08,69,42.8,20.5,55,21,13.8,72.7,-65,-28,-20,-65,-48,24,2020-05-08,0.849231279713714,0.845799748672248,0.779340893001611,0.908998702386264,39.2625163456433,64.9085714350424,38.4300733515758,69,1539
"76",2020-05-09,46,43.7,19.7,42,20,13.3,68.8,-67,-35,-15,-57,-43,17,2020-05-09,0.858012000085106,0.8552684318538,0.785667260081137,0.923801328269625,37.9519189620048,62.4966259593586,75.3905454277567,46,523
"77",2020-05-10,44,47,20.2,46,19,3.7,61.7,-76,-56,-39,-64,-29,14,2020-05-10,0.868102303338386,0.866064968303036,0.797320368306535,0.938020942584863,36.7519222839489,60.1505514043392,53.5723576884738,44,704
"78",2020-05-11,70,82.5,15.5,21,8,11,48,-68,-42,-66,-72,-47,23,2020-05-11,0.875988446923257,0.873614805541481,0.812750909814532,0.948123890168015,35.6607477194963,57.8773648717765,59.1726238768153,70,1014
"79",2020-05-12,128,69,16.1,34,11,13.8,38.6,-61,-28,-21,-64,-46,22,2020-05-12,0.885017998965253,0.883105878311943,0.816764294684554,0.955034666427832,34.6733892458913,55.6829564166371,70.5570344347231,128,1555
"80",2020-05-13,94,77.8,15,30,14,17.4,22,-67,-34,-57,-69,-46,23,2020-05-13,0.892987630023866,0.89202533320835,0.829772681865416,0.971334081387704,33.7786983357729,53.5722488986573,58.8122817251567,94,1370
"81",2020-05-14,106,67.1,19.9,55,23,11,41.1,-61,-27,-18,-63,-45,21,2020-05-14,0.90459085702767,0.902157444635871,0.835203744603869,0.975210603204199,32.9674216242092,51.5501057762143,60.5321243435387,106,1501
"82",2020-05-15,60,80,17.2,42,14,13.3,36.6,-64,-29,-41,-66,-46,24,2020-05-15,0.911793700444211,0.912230046028445,0.84061231258082,0.98094060716929,32.2337630064728,49.620666094423,37.7879966061241,60,1361
"83",2020-05-16,83,70.3,17.3,38,14,8.7,35.4,-65,-34,-30,-58,-37,17,2020-05-16,0.919190031722777,0.917557340836248,0.844337592486872,0.984319070317704,31.5812113381216,47.7876120133436,41.8494653001725,83,1700
"84",2020-05-17,56,68.4,18.8,34,11,8.7,39.4,-70,-51,-17,-58,-22,13,2020-05-17,0.9257246357492,0.924070135865506,0.853513539813235,0.993560776566741,31.0020382116864,46.053940835053,40.3707590318525,56,1189
"85",2020-05-18,11,65,21.6,55,22,11.9,42.7,-42,-24,9,-56,-40,17,2020-05-18,0.930483733403089,0.929267329013523,0.848183114152539,0.995360809914029,30.4809145887332,44.421642431512,29.6128610338298,11,192
"86",2020-05-19,41,74.1,19.1,38,16,19.7,31.7,-46,-23,-23,-59,-41,19,2020-05-19,0.936153992895338,0.932740787374804,0.865370965707333,1.0146167038,30.0103779752526,42.8913043557299,38.1994202648248,41,920
"87",2020-05-20,50,61.9,19.8,50,20,18.3,48.4,-41,-19,25,-53,-39,17,2020-05-20,0.941410183818382,0.940301943455839,0.864689340973962,1.01435790974006,29.5811768033989,41.4621153070444,39.720005700444,50,1079
"88",2020-05-21,77,41.6,21.7,53,17,21.5,49.2,-40,-18,19,-54,-41,17,2020-05-21,0.94498818387366,0.945791803739038,0.860901331804557,1.00977850074349,29.1883309261043,40.1320767638983,33.3339114506059,77,1980
"89",2020-05-22,19,44.9,21.9,55,22,17.9,42.7,-41,-17,17,-54,-39,18,2020-05-22,0.950072398455024,0.949886162146296,0.870998072525939,1.01658136628284,28.8309583933501,38.898974788885,23.0679840471615,19,706
"90",2020-05-23,72,53.5,21.1,61,27,13.3,58.4,-43,-23,15,-43,-26,11,2020-05-23,0.951156317628101,0.950293598848692,0.870400221105734,1.01833894694526,28.5032823827617,37.7601413117366,35.2860812219107,72,1749
"91",2020-05-24,59,53.2,20.7,17,7,8.7,43.9,-43,-34,34,-40,-9,7,2020-05-24,0.950877162035974,0.95118658237379,0.88262503119337,1.02879771255681,28.2032171294574,36.7117397981628,33.2712537223153,59,1520
"92",2020-05-25,3,44.2,21.1,38,12,12.4,49.2,-37,-22,24,-54,-39,15,2020-05-25,0.950542983189384,0.950741540357408,0.885350201464184,1.03620331823454,27.9219659030523,35.7489506785795,8.07623482740811,3,66
"93",2020-05-26,10,50.1,19.9,30,11,7.8,46.8,-36,-18,35,-52,-37,15,2020-05-26,0.948767825516783,0.94943480795131,0.875032993467485,1.0209105883375,27.6455950030018,34.866222396751,25.2848885845304,10,339
"94",2020-05-27,33,41.7,20.6,25,11,12.8,47.6,-36,-16,33,-51,-37,15,2020-05-27,0.946525630106617,0.948159104245525,0.879637901490177,1.02552180557951,27.3684654486893,34.0576952484736,42.0300220795159,33,673
"95",2020-05-28,90,44,20.8,38,17,20.2,58.4,-36,-16,25,-52,-37,15,2020-05-28,0.942732264218492,0.943484915281575,0.874285267657795,1.01507903721041,27.087765677567,33.3176611997258,36.048689285702,90,2140
"96",2020-05-29,71,53.4,17.3,25,9,13.8,42.3,-36,-14,22,-51,-37,16,2020-05-29,0.93743787314118,0.937079409303481,0.871249642013093,1.01269274593189,26.799701760078,32.6404599573889,36.5734364988619,71,1664
"97",2020-05-30,41,60,19.6,46,14,11,43.9,-35,-18,39,-35,-21,8,2020-05-30,0.932256237685374,0.931345981493936,0.858668328050332,1.00123820357525,26.4986276282318,32.0206316980727,25.0845586321476,41,1401
"98",2020-05-31,44,59.4,19.4,30,10,9.2,42.3,-37,-28,38,-37,-1,6,2020-05-31,0.927725491490917,0.922682367043796,0.855817403663465,1.00235000975115,26.1768253398319,31.4527273936871,23.9459935318639,44,1575
"99",2020-06-01,6,50,22.6,42,13,12.4,48,-16,1,109,-44,-53,14,2020-06-01,0.921963241705322,0.918101717640313,0.844260212832807,0.988611804582609,25.8308710583139,30.9306867622278,16.1524696548162,6,233
"100",2020-06-02,36,54,22,34,10,8.7,59.1,-35,-36,184,-54,-77,22,2020-06-02,0.916271294088043,0.915369645506957,0.840870020342045,0.981706947431537,25.4638564694419,30.4481207324595,44.2087077773079,36,698
"101",2020-06-03,51,60,20.5,30,9,16.5,56.5,-37,-15,1,-49,-35,14,2020-06-03,0.910292437378201,0.909112860510501,0.836252347032028,0.97872009512199,25.0752303552969,29.99878366175,27.897283901592,51,1567
"102",2020-06-04,20,88,17,17,6,12.8,26.9,-42,-21,-57,-58,-38,17,2020-06-04,0.903325497916086,0.900121855636026,0.824086329440131,0.968447643790295,24.6633556697857,29.5766532813927,38.3515759738515,20,447
"103",2020-06-05,89,67.6,19.5,30,11,15.6,54.5,-28,-12,38,-46,-35,12,2020-06-05,0.895572710846359,0.894757995962843,0.808645516316696,0.955292679993029,24.2283658672287,29.1758656247018,23.9594966546441,89,3184
"104",2020-06-06,18,72,19.7,38,12,11,48,-30,-19,40,-35,-19,6,2020-06-06,0.890254195333881,0.887798539863496,0.818812883934654,0.963783762499407,23.7687887326918,28.7904792830236,22.0411985918292,18,700
"105",2020-06-07,19,77.2,19,25,10,6.9,31.7,-46,-33,-62,-58,-8,9,2020-06-07,0.883825193055249,0.883757849523685,0.811453086621528,0.954581179848114,23.2827471848334,28.414640480243,20.3067290988729,19,802
"106",2020-06-08,63,84.2,17.8,17,6,16.5,32.9,-32,-22,-23,-53,-35,13,2020-06-08,0.879309251405213,0.878068552446965,0.80556041252026,0.948080953261671,22.7752696820405,28.0432050369882,42.2873426389833,63,1277
"107",2020-06-09,24,68,18,30,13,16.5,42.3,-27,-16,14,-48,-34,12,2020-06-09,0.874730086935778,0.874249613332841,0.808078912281194,0.950024771997508,22.2510934884947,27.6717443251617,25.3347110250911,24,812
"108",2020-06-10,12,78.6,16.2,34,13,14.7,37.4,-29,-15,-6,-49,-33,13,2020-06-10,0.872326673259801,0.872804270138877,0.807863928432844,0.944850330849029,21.7148772374155,27.2963958799526,14.6941323945528,12,700
"109",2020-06-11,81,82,15.5,25,9,12.4,43.1,-25,-13,-3,-49,-34,13,2020-06-11,0.868404174838302,0.867557524624551,0.798876801643405,0.936175753924838,21.1716495371823,26.9138495160946,27.6722899817705,81,2509
"110",2020-06-12,30,60,20,34,11,14.2,48.8,-24,-13,42,-44,-34,11,2020-06-12,0.866838325351516,0.863915984334582,0.803508628771458,0.943459027714509,20.6272766187577,26.5212274448757,25.2352617178287,30,1019
"111",2020-06-13,21,64,21,38,12,9.6,55.2,-29,-20,38,-35,-16,5,2020-06-13,0.864729136231105,0.862587675586643,0.792588379673616,0.936912347259265,20.0837445097913,26.1159482363905,31.6906904636042,21,568
"112",2020-06-14,32,78.5,19.2,30,9,7.4,45.9,-27,-24,34,-34,5,2,2020-06-14,0.864314055292916,0.863169221869898,0.789674755288171,0.930902277470945,19.5438818792719,25.6960977722942,35.3923188858046,32,775
"113",2020-06-15,56,77,19,30,6,16,43.9,-25,-19,27,-46,-32,10,2020-06-15,0.862506422180249,0.860118711566766,0.78508076672482,0.92685640074117,19.0111280971645,25.2605610446061,51.6693568233289,56,929
"114",2020-06-16,11,72.4,20.5,30,10,18.8,43.1,-21,-13,39,-44,-31,11,2020-06-16,0.859893309582976,0.858558245160462,0.784402184845557,0.928835094798593,18.4882998202092,24.8090579918563,26.4852105426163,11,356
"115",2020-06-17,16,72.7,19,34,10,22.9,48,-24,-13,13,-46,-32,11,2020-06-17,0.85975502049722,0.858333015548492,0.789184451741962,0.928976315873454,17.9752684024214,24.3421180788823,27.5392039523078,16,498
"116",2020-06-18,41,61.7,20.8,42,14,12.8,44.7,-22,-15,33,-44,-32,10,2020-06-18,0.858308870260142,0.85674778883222,0.78343379687003,0.921791021119578,17.469021050934,23.8610363763055,26.3839839666958,41,1332
"117",2020-06-19,21,70.8,18,25,10,17.9,45.5,-22,-14,36,-43,-33,9,2020-06-19,0.857382640125235,0.85743659753042,0.795098047664127,0.936858595730696,16.9718936169337,23.367556008363,21.6090182272836,21,833
"118",2020-06-20,27,50.9,21.4,17,5,14.2,45.9,-23,-18,80,-27,-13,1,2020-06-20,0.855689035367282,0.854936029133526,0.784636393737189,0.930358371433489,16.4855692189101,22.8637715145863,25.4601303866014,27,909
"119",2020-06-21,37,53,23,30,7,11,58.4,-27,-26,58,-28,6,-2,2020-06-21,0.855156789554375,0.851780804019673,0.788214241713164,0.938119000352245,16.0092182613741,22.3520443222591,22.783646373259,37,1392
"120",2020-06-22,20,47.5,25,30,9,18.3,51.3,-22,-17,51,-43,-33,8,2020-06-22,0.852490175006277,0.850177697022947,0.779458998849176,0.935650805742078,15.5416366319963,21.8349050231499,23.4196099184585,20,732
"121",2020-06-23,6,41.6,27.1,17,8,21.5,68.8,-18,-12,72,-41,-32,8,2020-06-23,0.852132826891328,0.848272612849384,0.775021535238117,0.932583113419407,15.0837205617865,21.3148070675883,12.245110328794,6,420
"122",2020-06-24,14,49.5,26,38,14,8.7,63,-20,-12,55,-41,-30,8,2020-06-24,0.851032012183391,0.845718250284155,0.7711815980816,0.930429017738474,14.6345286958387,20.7937915690884,12.0726439861349,14,994
"123",2020-06-25,24,57,24,46,16,13.8,64.3,-20,-12,38,-42,-31,8,2020-06-25,0.849738467605506,0.846906606391335,0.772287448926487,0.931386289311507,14.1948188635017,20.2736331139337,23.3770288095159,24,880
"124",2020-06-26,27,60,24.9,50,11,9.6,63,-21,-13,47,-41,-32,7,2020-06-26,0.847456052492564,0.846617999889872,0.749832432153349,0.917161010477796,13.7664631802926,19.7559712151484,16.332574821045,27,1417
"125",2020-06-27,14,51,27,59,16,4.2,78,-25,-19,62,-28,-16,0,2020-06-27,0.846223073208018,0.844648285628582,0.763081293322817,0.930237916221505,13.3486439503026,19.2422523096259,11.7418866166518,14,1022
"126",2020-06-28,27,54,27,55,13,3.2,61,-29,-26,39,-31,10,-3,2020-06-28,0.846406342696189,0.843646144488228,0.765657728373675,0.936258236686293,12.938946607064,18.7336053561723,17.0421638596618,27,1358
"127",2020-06-29,9,53.9,26.8,46,15,51.4,NA,-20,-15,46,-43,-31,7,2020-06-29,0.845553978069134,0.845083658884584,0.763312427384857,0.933444189915093,12.5371766577111,18.2309508631807,15.4597585313432,9,499
"128",2020-06-30,6,55,26.8,42,15,26.6,NA,-16,-12,62,-41,-30,7,2020-06-30,0.843630506510287,0.842326143105154,0.75968095472804,0.934798510589029,12.1462692038286,17.7349592267732,13.1533154426943,6,391
"129",2020-07-01,18,64.8,26.2,61,25,14.2,65.6,-18,-10,31,-41,-29,7,2020-07-01,0.84342155243695,0.839955938662551,0.765708108373073,0.947111041201237,11.7674101204197,17.2462060556572,17.4732038666823,18,883
"130",2020-07-02,9,65,25.2,50,11,18.3,61.7,-18,-13,34,-42,-30,7,2020-07-02,0.843287597262391,0.841058410355665,0.742867340910411,0.934187902641922,11.3984227586086,16.7652643591641,14.5007885472561,9,532
"131",2020-07-03,15,61.2,24,25,2,13.8,48.4,-25,-17,4,-44,-32,9,2020-07-03,0.842923012119237,0.842060601318382,0.731605933378495,0.931935592419107,11.0390349169664,16.2926144422544,16.8070141767761,15,765
"132",2020-07-04,13,58.9,24.1,34,13,8.7,51.9,-23,-18,65,-27,-15,-1,2020-07-04,0.843632654482015,0.839822359983115,0.734682929543599,0.939169490023034,10.6909375783913,15.8285113946138,13.7909039594091,13,808
"133",2020-07-05,6,56.9,26.8,46,4,8.7,68.2,-28,-24,41,-29,5,-4,2020-07-05,0.844405782783965,0.840741357261614,0.726512771051786,0.940753980274599,10.3548129054585,15.373055396061,16.1524696548162,6,305
"134",2020-07-06,10,57.2,27.3,57,26,18.3,80.6,-21,-16,42,-42,-32,6,2020-07-06,0.845911477422913,0.840119933098439,0.719546805024906,0.951555507999155,10.0314764103033,14.9264179890427,24.0774641296512,10,356
"135",2020-07-07,17,47.1,25,17,2,7.4,45.5,-15,-11,66,-39,-30,6,2020-07-07,0.846034116970712,0.843376534479706,0.724501003851343,0.961227665433846,9.72182657063689,14.4888883208627,21.1490294503119,17,689
"136",2020-07-08,9,44.1,24.9,25,6,14.2,64.3,-17,-13,58,-40,-29,6,2020-07-08,0.846647318666435,0.841290427546747,0.714494642230266,0.962024544814894,9.42686513914623,14.0606893009905,9.66719236483738,9,798
"137",2020-07-09,14,48.1,26.6,57,15,14.7,90.3,-18,-14,49,-41,-29,6,2020-07-09,0.84764596912744,0.843741531362563,0.715371453093018,0.966664830805791,9.14552075595345,13.6419371475882,13.1149815543368,14,915
"138",2020-07-10,17,51.6,28,53,12,14.2,87.7,-20,-15,46,-40,-31,5,2020-07-10,0.847596659755004,0.843963883661293,0.694017136939487,0.956485307451216,8.87638273517602,13.2327896462338,16.2994197888869,17,894
"139",2020-07-11,16,65.2,24.4,55,20,10.6,72.1,-25,-20,34,-31,-15,1,2020-07-11,0.848218133592599,0.843094074482768,0.698573234748111,0.967025221846027,8.61974799366162,12.8334878565095,13.0118819433105,16,1054
"140",2020-07-12,6,48.5,23.2,17,7,6,42.7,-26,-24,43,-27,9,-4,2020-07-12,0.848634473746867,0.843334649041833,0.697348141492477,0.979337959064725,8.3750452557351,12.4443608591378,10.410822546748,6,494
"141",2020-07-13,13,41.7,23,NA,NA,NA,NA,-19,-15,43,-41,-31,5,2020-07-13,0.849827652544421,0.845110474817291,0.679904265807109,0.972685936633447,8.14169240393856,12.0657980165821,19.4129797895515,13,574
"142",2020-07-14,7,64,20,NA,NA,NA,NA,-15,-12,64,-39,-30,6,2020-07-14,0.851000780749258,0.848013047923771,0.700394247316401,1.0013360724729,7.91977548781644,11.6982632473464,7.06726037822034,7,849
"143",2020-07-15,8,NA,NA,NA,NA,NA,NA,-17,-13,36,-41,-28,6,2020-07-15,0.85220414320441,0.844137951924832,0.704072882285052,1.02064288556364,7.70937576947969,11.3421950237277,8.46575528904278,8,810
"144",2020-07-16,5,NA,NA,NA,NA,NA,NA,-15,-14,51,-40,-29,5,2020-07-16,0.852245039664969,0.845404409607581,0.686801555601047,1.00168275324679,7.51065013822716,10.99788641886,10.5301931574396,5,407
"145",2020-07-17,13,NA,NA,NA,NA,NA,NA,-19,-15,44,-40,-30,5,2020-07-17,0.852702972436059,0.839978499984836,0.660028560960263,0.987074186224697,7.32317425457481,10.6655172998425,8.09814709244372,13,1376
"146",2020-07-18,9,NA,NA,NA,NA,NA,NA,-23,-21,69,-26,-13,-2,2020-07-18,0.85308347687927,0.845135575761493,0.691366493624333,1.02534292052541,7.14591827218227,10.3451833008262,14.3657718941159,9,537
"147",2020-07-19,6,NA,NA,NA,NA,NA,NA,-26,-24,44,-27,10,-5,2020-07-19,0.85287376224857,0.841792723242313,0.686263141708707,1.0248603529327,6.97825974671552,10.0369028822038,6.85726178412465,6,750
"148",2020-07-20,5,NA,NA,NA,NA,NA,NA,-19,-16,51,-41,-31,4,2020-07-20,0.854444038066448,0.840711142168542,0.671562993427202,1.02333607037019,6.82008372110341,9.74064605094715,13.4603913790135,5,243
"149",2020-07-21,7,NA,NA,NA,NA,NA,NA,-16,-14,70,-40,-30,5,2020-07-21,0.854308455975641,0.842764436648535,0.666059258203803,1.01590374441244,6.67078036599898,9.45634804667907,7.66296814956458,7,783
"150",2020-07-22,10,NA,NA,NA,NA,NA,NA,NA,NA,NA,NA,NA,NA,2020-07-22,0.855624322777504,0.839288012933511,0.642424838801017,0.992746403475421,6.53100902448381,9.18394400615596,8.77336461633144,10,977
