Date,Daily,Humidity,Temperature,pm25,pm10,no2,retail,grocery,parks,transit,work,home,date,mean,median,lower_80,upper_80,infections,test_adjusted_positive,test_adjusted_positive_raw,positive,tests,avg_pm25
2/24/20,0,NA,NA,55,24,31.6,3,25,20,0,0,0,02/24/0020,1.703194497,1.69267107,1.503862255,1.876852068,19.91610711,4.696439943,0,0,0,31
2/25/20,1,71.8,13.7,57,21,24.7,0,12,32,-6,-1,1,02/25/0020,1.685783125,1.679379075,1.486447779,1.840593296,22.24839539,5.718465967,2.047782121,1,78,35
2/26/20,1,73.2,11.6,34,19,18.3,-11,-5,-19,-15,-2,3,02/26/0020,1.670631279,1.663854668,1.506226953,1.837072827,24.82701325,6.630572669,0,0,0,51.33333333
2/27/20,0,86.4,6.6,25,11,27,-10,-7,-17,-13,-1,3,02/27/0020,1.646402679,1.636095256,1.485156978,1.802282333,27.65243244,7.85278466,0,0,0,64
2/28/20,6,47,8.5,42,14,35.2,-2,-1,21,-8,0,1,02/28/0020,1.62057993,1.611687334,1.465536856,1.765945666,30.73733966,8.805685022,12.28669273,6,27,62.66666667
2/29/20,0,69.8,7.8,61,23,33.9,-5,-2,18,-7,1,1,02/29/0020,1.589957027,1.58564836,1.438159822,1.728618836,34.07718629,9.975552966,0,0,0,
3/1/20,0,79.6,11.5,30,18,10.6,-22,-11,-58,-30,-4,6,03/01/0020,1.558906126,1.548559509,1.43573306,1.71354232,37.65308504,11.41668981,0,0,0,48.33333333
3/2/20,0,80.8,11.9,NA,NA,NA,-11,-6,-34,-14,0,3,03/02/0020,1.522491251,1.521093292,1.376528946,1.645388133,41.44350678,12.77225632,0,0,0,58.33333333
3/3/20,3,NA,NA,21,17,23.8,-7,-3,-18,-14,0,2,03/03/0020,1.483475086,1.483379996,1.343811208,1.59642117,45.42342773,14.37199727,6.143346364,3,42,55
3/4/20,5,62.7,8.4,30,11,25.6,-4,1,0,-11,0,1,03/04/0020,1.441614396,1.436506843,1.314947201,1.552315853,49.54917188,16.11459143,10.23891061,5,21,48.33333333
3/5/20,8,89.2,7.6,42,12,30.2,-14,-1,-27,-26,-13,7,03/05/0020,1.39639192,1.396969813,1.284970371,1.508386837,53.76014728,18.14545489,0,0,0,25.33333333
3/6/20,3,83.6,10.5,25,12,29.8,-13,1,-9,-26,-14,7,03/06/0020,1.351815542,1.350174112,1.248885454,1.460593478,57.94519945,20.21528474,6.143346364,3,54,40
3/7/20,4,71.4,9.4,25,9,20.2,-18,2,14,-23,-14,6,03/07/0020,1.303919007,1.299631635,1.20484366,1.41971118,62.10982049,22.52422668,8.191128485,4,28,39.66666667
3/8/20,12,66,9.5,50,14,23.4,-23,-3,13,-21,-8,5,03/08/0020,1.25959818,1.254020102,1.143144947,1.354142522,66.10598486,25.06282348,24.57338546,12,65,45.66666667
3/9/20,12,80,9.1,53,17,27,-28,-1,-34,-38,-19,10,03/09/0020,1.213669671,1.21520713,1.107136754,1.301308905,69.84503735,27.81554476,24.57338546,12,114,54
3/10/20,10,68.8,9,50,16,33.9,-42,-4,-26,-45,-27,15,03/10/0020,1.170624147,1.170816518,1.069873623,1.252359397,73.26303809,30.76522025,20.47782121,10,99,58
3/11/20,10,79.6,9.3,57,20,33.9,-51,-17,-31,-52,-34,18,03/11/0020,1.126189459,1.12713704,1.040248054,1.212370522,76.29122438,33.94038981,20.47782121,10,41,43
3/12/20,15,93.8,10.6,78,31,26.1,-70,-24,-68,-64,-44,25,03/12/0020,1.088384559,1.086004148,1.002457942,1.177264153,78.86136392,37.27172285,30.71673182,15,123,29.33333333
3/13/20,15,85.6,11.6,53,19,20.6,-74,-28,-65,-66,-50,28,03/13/0020,1.051683254,1.051052684,0.967408013,1.140930738,80.90912152,40.74248821,30.71673182,15,125,46.33333333
3/14/20,31,81.2,12.5,53,15,9.2,-84,-45,-74,-72,-57,25,03/14/0020,1.020505608,1.015326271,0.946331554,1.110563378,82.41586001,44.33858242,63.48124576,31,106,45
3/15/20,30,59.8,11.2,25,8,3.7,-90,-64,-82,-78,-54,23,03/15/0020,0.991522449,0.988393355,0.913139805,1.079561172,83.39198057,48.03066753,61.43346364,30,107,43.66666667
3/16/20,24,54.9,10.9,34,11,22,-73,-37,-69,-69,-53,26,03/16/0020,0.964740839,0.960945381,0.879429903,1.039905876,83.86491059,51.73566038,49.14677091,24,220,45.66666667
3/17/20,28,78.6,10.6,57,19,23.4,-76,-42,-69,-71,-57,28,03/17/0020,0.937592736,0.937212894,0.866107375,1.01834396,83.86812864,55.41622261,57.3378994,28,122,38
3/18/20,81,68.6,13.7,59,19,13.8,-77,-44,-74,-72,-57,29,03/18/0020,0.913933444,0.910360348,0.836725301,0.985055562,83.42521692,58.99122067,165.8703518,81,257,30.66666667
3/19/20,54,72.6,12.4,57,19,17,-78,-44,-75,-74,-59,31,03/19/0020,0.894504052,0.890867347,0.81079928,0.958250664,82.5477576,62.43192631,99.1781837,54,450,27
3/20/20,52,77.2,13.3,65,23,18.8,-79,-42,-76,-74,-59,32,03/20/0020,0.877738167,0.877492982,0.804318191,0.94752025,81.26894876,65.65663866,106.4846703,52,256,39.33333333
3/21/20,50,86.9,11.3,65,21,16.5,-86,-53,-84,-78,-61,27,03/21/0020,0.864724755,0.864011703,0.804672319,0.940267656,79.66030737,68.62449853,102.3891061,50,343,54
3/22/20,63,67.7,12.6,53,16,8.3,-94,-84,-92,-85,-61,25,03/22/0020,0.851580393,0.850689935,0.782383131,0.915280183,77.79643125,71.27454732,129.0102736,63,322,51.33333333
3/23/20,34,39.5,6.9,25,10,7.8,-78,-46,-82,-77,-65,32,03/23/0020,0.840816261,0.840505179,0.77317316,0.902481155,75.74516217,73.58688897,69.62459212,34,108,40.66666667
3/24/20,74,50.6,5.3,38,10,17.4,-80,-48,-81,-77,-66,33,03/24/0020,0.831560116,0.830356717,0.759537802,0.891615188,73.54784997,75.52237911,106.3650086,74,575,49.33333333
3/25/20,87,78,4.5,34,10,3.7,-82,-52,-84,-79,-68,34,03/25/0020,0.824913664,0.823258764,0.761559588,0.888351374,71.23382054,77.07244345,104.0581522,87,691,51.66666667
3/26/20,55,68.6,6.6,30,10,2.8,-84,-53,-86,-81,-71,37,03/26/0020,0.819295586,0.816179966,0.754742738,0.884708806,68.84001227,78.21781276,68.04890349,55,668,30.33333333
3/27/20,0,75.9,10.2,46,22,3.7,-82,-48,-83,-80,-70,37,03/27/0020,0.813761571,0.811899562,0.745956651,0.87652904,66.40862197,78.96624266,0,0,0,37.33333333
3/28/20,91,70.7,11.8,97,NA,19.2,-87,-55,-84,-79,-65,28,03/28/0020,0.807859475,0.808563728,0.743812317,0.870719523,63.97499327,79.3216488,162.4408696,91,463,41.66666667
3/29/20,102,83.8,11.1,57,NA,10.1,-94,-84,-91,-85,-62,25,03/29/0020,0.802918927,0.804261712,0.731312398,0.862471425,61.55539591,79.31057911,128.3127186,102,657,39
3/30/20,65,89.7,11.7,53,25,15.1,-79,-47,-79,-77,-67,32,03/30/0020,0.800704311,0.80120236,0.741464185,0.869629975,59.15311564,78.94028984,95.0823295,65,565,45
3/31/20,65,65.8,9.6,21,7,5.1,-90,-44,-79,-76,-69,34,03/31/0020,0.794845454,0.795532997,0.725442714,0.853524014,56.7758928,78.25720422,52.82351639,65,1017,43.33333333
4/1/20,71,41.5,7.7,42,12,5.1,-90,-41,-79,-74,-68,34,04/01/0020,0.790358266,0.792180746,0.720965556,0.852883718,54.4451558,77.28984086,62.75981321,71,935,26.33333333
4/2/20,261,51.5,8.1,42,12,16,-89,-41,-78,-74,-68,35,04/02/0020,0.783569355,0.784117953,0.722020004,0.85344309,52.16197272,76.07462381,80.88209582,261,2667,48.33333333
4/3/20,124,62.7,9.3,50,13,17.9,-84,-40,-78,-76,-68,35,04/03/0020,0.778646104,0.779879515,0.720369064,0.848982679,49.91800068,74.63721919,49.9922552,124,2050,47.66666667
4/4/20,83,48.6,14.4,53,16,26.1,-89,-49,-84,-77,-63,28,04/04/0020,0.771591485,0.773040538,0.710886062,0.834933268,47.70737201,73.02284982,41.49924,83,1653,41.66666667
4/5/20,89,46.9,14.7,50,15,7.8,-95,-81,-90,-84,-61,25,04/05/0020,0.764708743,0.763711859,0.70303146,0.821307132,45.53323151,71.25943596,46.61416534,89,1578,40
4/6/20,54,46.9,16.3,63,22,6.4,-81,-39,-78,-74,-65,31,04/06/0020,0.758850861,0.758001971,0.692795522,0.81064469,43.39685841,69.37735332,69.08697007,54,646,46.33333333
4/7/20,36,56.6,16.5,61,21,14.2,-81,-40,-76,-74,-66,32,04/07/0020,0.750648787,0.75233121,0.697681101,0.809830974,41.29539083,67.40552753,37.37871245,36,796,43.33333333
4/8/20,66,33.9,16.7,53,17,12.4,-81,-39,-78,-74,-65,32,04/08/0020,0.743031746,0.743395021,0.681226636,0.798963705,39.23545456,65.36243072,39.27141903,66,1389,41.66666667
4/9/20,90,44.6,13.2,55,17,17.9,-80,-33,-78,-73,-66,33,04/09/0020,0.733788641,0.73279949,0.683870783,0.799752567,37.21621778,63.27289895,31.93801536,90,2329,42.33333333
4/10/20,108,48.8,14.5,NA,19,NA,-80,-29,-76,-73,-66,34,04/10/0020,0.725137558,0.724252568,0.662196462,0.782807413,35.23462561,61.15153764,22.11604691,108,4036,39.66666667
4/11/20,85,57.6,13.3,NA,17,NA,-85,-44,-82,-75,-62,27,04/11/0020,0.717207948,0.716353543,0.663608176,0.7859952,33.28968985,59.01532223,50.83300539,85,1382,50
4/12/20,105,64,14.6,50,14,9.2,-96,-95,-92,-87,-66,26,04/12/0020,0.708266349,0.705637294,0.649608193,0.76931878,31.38390284,56.86669116,79.39699061,105,1093,48.33333333
4/13/20,10,65.9,13,53,15,10.1,-96,-95,-88,-89,-91,41,04/13/0020,0.701429816,0.697507113,0.632536289,0.751214067,29.52622848,54.72084998,20.47782121,10,145,44.66666667
4/14/20,42,81.8,12.8,42,12,6.4,-79,-39,-76,-73,-64,31,04/14/0020,0.694477981,0.691970257,0.62813005,0.753262005,27.72174783,52.58444665,82.06232694,42,423,41.66666667
4/15/20,61,48.7,12.7,25,9,3.7,-79,-39,-77,-72,-63,32,04/15/0020,0.686895431,0.684288244,0.630869977,0.752711191,25.97756311,50.45877569,28.16512666,61,1790,51.66666667
4/16/20,71,63.7,9.4,38,12,14.2,-78,-39,-76,-72,-63,32,04/16/0020,0.680750986,0.678051623,0.621953885,0.742137902,24.30113058,48.35466399,43.17912094,71,1359,53.33333333
4/17/20,51,73.6,14.5,42,17,12.4,-78,-37,-75,-72,-62,33,04/17/0020,0.675057904,0.670371626,0.611401536,0.729257846,22.6929322,46.27147137,30.12918375,51,1399,46.33333333
4/18/20,69,92.7,15.5,50,20,7.4,-84,-50,-81,-74,-57,26,04/18/0020,0.670107143,0.667176298,0.599022442,0.714343032,21.15517843,44.21201679,28.58519079,69,1995,42
4/19/20,46,93.9,16.8,55,22,4.6,-93,-81,-90,-83,-56,24,04/19/0020,0.665740889,0.662507116,0.605205308,0.714976944,19.69194678,42.17818599,0,0,0,40
4/20/20,44,98.7,16.2,30,10,5.1,-78,-45,-82,-76,-61,30,04/20/0020,0.66386587,0.661769695,0.612510325,0.722008446,18.30558361,40.17848572,84.17901394,44,432,40.66666667
4/21/20,51,88.9,13.5,34,10,2.3,-79,-42,-79,-74,-61,31,04/21/0020,0.661877283,0.659224468,0.601000965,0.711748364,16.99722893,38.20396026,44.79354737,51,941,45
4/22/20,56,65.9,15.4,46,14,4.2,-78,-41,-79,-73,-60,31,04/22/0020,0.660179461,0.658286985,0.59285454,0.708177747,15.76954865,36.27223568,19.88962286,56,2327,47
4/23/20,35,56.9,16.5,55,18,6,-77,-37,-73,-70,-59,31,04/23/0020,0.659972578,0.658086419,0.597924021,0.714921779,14.62271369,34.38131654,24.68171523,35,1172,45
4/24/20,54,71.6,13.6,59,19,16,-74,-27,-71,-69,-59,30,04/24/0020,0.660220127,0.660098887,0.60437458,0.719838184,13.55367931,32.53481559,45.72764617,54,976,52.66666667
4/25/20,75,71.8,15.6,46,12,5.5,-94,-94,-83,-81,-74,30,04/25/0020,0.661044114,0.659658409,0.605284822,0.720145683,12.55997045,30.7372967,44.33931675,75,1398,53.33333333
4/26/20,79,75.5,15.2,30,10,5.1,-90,-61,-86,-78,-48,22,04/26/0020,0.663928366,0.663760651,0.602255437,0.7161932,11.63921427,28.99278159,109.3673438,79,597,52.66666667
4/27/20,8,82.7,16.9,34,10,7.8,-70,-31,-70,-68,-55,27,04/27/0020,0.666906722,0.667219488,0.605627214,0.718092391,10.78813648,27.30488768,16.38225697,8,280,45
4/28/20,28,96.8,15.4,25,10,5.1,-76,-39,-76,-71,-58,28,04/28/0020,0.6700348,0.669005597,0.611316754,0.725320575,10.00425883,25.67713443,14.22346416,28,1627,48.33333333
4/29/20,40,91.4,16,21,12,4.6,-74,-35,-74,-69,-56,29,04/29/0020,0.674480913,0.672180001,0.62007764,0.731216845,9.284298373,24.11271733,22.32234609,40,1481,37.33333333
4/30/20,41,84.6,17,25,13,5.1,-70,-25,-70,-67,-55,28,04/30/0020,0.680315091,0.679200655,0.619911585,0.738921967,8.623211582,22.61428783,20.27880277,41,1671,28.33333333
5/1/20,36,89.8,16.9,21,11,3.2,-91,-91,-57,-80,-87,41,05/01/0020,0.685718945,0.683820677,0.613849303,0.733914215,8.016924053,21.18387245,27.91130873,36,1066,31.33333333
5/2/20,37,91.4,17,25,15,3.7,-75,-36,-54,-63,-51,23,05/02/0020,0.691204197,0.689885442,0.626199677,0.749614366,7.462737833,19.82287952,60.79510929,37,503,33.66666667
5/3/20,17,63.8,19.5,17,8,4.2,-83,-62,-57,-65,-41,20,05/03/0020,0.696623795,0.694330119,0.632671319,0.760823634,6.956711166,18.53206454,16.37557423,17,858,28
5/4/20,14,57.6,18,21,8,12.8,-57,-25,-29,-52,-43,18,05/04/0020,0.702152842,0.701326788,0.632341475,0.762404237,6.49406805,17.31163715,28.6689497,14,262,31.33333333
5/5/20,18,81.7,17.9,25,12,11.9,-60,-27,-32,-53,-44,20,05/05/0020,0.707167218,0.705976482,0.638822011,0.768393502,6.070573523,16.16127221,7.748295601,18,1920,29.66666667
5/6/20,15,72.9,19.2,25,9,5.5,-61,-28,-34,-53,-43,20,05/06/0020,0.714127049,0.712481746,0.649498228,0.778620983,5.682559493,15.07999891,7.671579803,15,1616,36.33333333
5/7/20,18,49.6,19.7,25,10,11.9,-60,-27,-26,-53,-43,21,05/07/0020,0.722728165,0.723327672,0.655285267,0.787432836,5.326482363,14.06632293,6.656253939,18,2235,38.33333333
5/8/20,21,65.6,18.7,34,13,14.2,-60,-27,-23,-53,-43,21,05/08/0020,0.73047329,0.729567994,0.660848308,0.792828801,5.000228211,13.11839462,12.78069378,21,1358,44.33333333
5/9/20,9,73.6,18.5,30,12,7.8,-65,-32,-22,-47,-40,16,05/09/0020,0.739693485,0.739730042,0.668729741,0.802961394,4.702892436,12.23403086,7.54397949,9,986,29.33333333
5/10/20,11,70.7,20.6,34,13,7.4,-72,-53,-40,-53,-28,14,05/10/0020,0.748354822,0.746091869,0.682499427,0.812044014,4.43219524,11.41068952,9.957648966,11,913,32.33333333
5/11/20,6,88,17.5,25,11,11,-57,-29,-49,-57,-40,19,05/11/0020,0.757402942,0.755106395,0.69851176,0.82927552,4.185879424,10.64554167,12.28669273,6,312,42
5/12/20,11,88,18,13,10,6.4,-57,-27,-31,-53,-40,20,05/12/0020,0.768159477,0.765626124,0.712948675,0.843700608,3.961872336,9.935509067,3.244587261,11,2802,32.33333333
5/13/20,7,74.5,20,34,16,10.1,-58,-28,-36,-52,-39,19,05/13/0020,0.779979052,0.776851834,0.711871507,0.844609371,3.757960814,9.277376762,10.23963549,7,565,29.66666667
5/14/20,13,85.7,20.9,50,33,6.9,-57,-26,-26,-51,-39,18,05/14/0020,0.790939545,0.789067749,0.720358111,0.855045486,3.572823541,8.667941409,8.361325474,13,1285,24
5/15/20,18,79.5,19.5,25,15,6,-59,-24,-33,-54,-40,20,05/15/0020,0.80275169,0.800373263,0.728616494,0.865379487,3.405733768,8.104146304,7.067329005,18,2105,21.33333333
5/16/20,14,86.6,19,25,12,9.2,-63,-29,-30,-49,-35,16,05/16/0020,0.814829452,0.811586089,0.744523855,0.890370952,3.255165338,7.58307961,14.49973446,14,798,21.33333333
5/17/20,18,77.5,22.2,38,17,6,-67,-49,-22,-49,-20,12,05/17/0020,0.827141345,0.821836895,0.75092016,0.898783132,3.119461555,7.101970292,13.68604191,18,1087,30
5/18/20,3,79.4,21.4,46,20,11.5,-41,-20,-30,-48,-34,15,05/18/0020,0.841231675,0.835328768,0.764622391,0.922313666,2.997385873,6.658178632,6.143346364,3,120,31
5/19/20,5,79.8,21.9,57,23,15.1,-43,-21,-26,-48,-35,16,05/19/0020,0.855158936,0.852884605,0.766955027,0.932337257,2.887924018,6.249157121,2.302186251,5,1795,33.33333333
5/20/20,2,82.5,19.9,38,12,4.2,-40,-19,-18,-45,-34,16,05/20/0020,0.869751765,0.866559253,0.767348443,0.940834274,2.79062749,5.872495569,3.234774419,2,511,22.33333333
5/21/20,7,57.5,22.3,34,10,17.4,-38,-18,7,-41,-34,14,05/21/0020,0.882480839,0.880785265,0.79720733,0.972396345,2.704958298,5.525990223,5.473409696,7,1057,36.66666667
5/22/20,16,64.7,22.2,38,12,9.2,-39,-17,18,-41,-34,14,05/22/0020,0.892884412,0.890165499,0.799048314,0.973988811,2.63017156,5.207586275,10.0484482,16,1316,35
5/23/20,9,68.6,20.4,34,12,7.8,-40,-20,39,-29,-25,7,05/23/0020,0.907462523,0.904703701,0.833820531,1.011926681,2.564981727,4.915341003,4.577454632,9,1625,38
5/24/20,6,77.8,21.9,30,9,4.6,-45,-34,5,-35,-11,5,05/24/0020,0.921253571,0.918799806,0.837640803,1.015818666,2.507678558,4.647425405,6.092026026,6,814,42
5/25/20,0,58.6,22.1,21,8,13.8,-32,-17,6,-41,-32,12,05/25/0020,0.934005785,0.933134126,0.848801414,1.030069413,2.458100608,4.402123181,0,0,0,48.33333333
5/26/20,1,55.7,21.2,17,7,9.2,-33,-17,21,-38,-31,12,05/26/0020,0.943370004,0.941517487,0.848635981,1.024657776,2.416526456,4.177864262,0.816684648,1,1012,38.66666667
5/27/20,4,49.8,20,17,6,11.9,-34,-15,9,-38,-31,12,05/27/0020,0.958577611,0.956603028,0.864725853,1.046926593,2.382229923,3.973235944,3.739750517,4,884,37.33333333
5/28/20,1,61.7,19.3,21,10,12.4,-34,-14,10,-39,-31,12,05/28/0020,0.970869872,0.969151487,0.864474335,1.045696447,2.353875847,3.786948952,1.269562003,1,651,38.66666667
5/29/20,1,70.6,16.5,13,5,6.9,-36,-13,-4,-42,-32,14,05/29/0020,0.981459914,0.979742512,0.898340218,1.07227381,2.331680758,3.617776815,0.793171655,1,1042,36
5/30/20,6,63.8,18.7,25,10,10.6,-36,-16,47,-25,-19,6,05/30/0020,0.99356848,0.99412991,0.905407321,1.086991849,2.316023377,3.464497733,4.51220126,6,1099,37.33333333
5/31/20,3,73,16.5,34,10,10.6,-39,-27,21,-30,-1,4,05/31/0020,1.007121494,1.00443488,0.904971623,1.092858237,2.305892097,3.325952374,2.052528636,3,1208,41.66666667
6/1/20,1,55.8,21.2,21,8,11.9,-16,2,69,-32,-43,10,06/01/0020,1.015527191,1.011976297,0.917113042,1.102590764,2.300905248,3.201113822,2.047782121,1,312,42
6/2/20,3,61.8,21.1,25,10,7.4,-38,-50,139,-37,-74,15,06/02/0020,1.026008228,1.023510627,0.922784658,1.112615917,2.30157785,3.089050479,3.929405059,3,631,44.66666667
6/3/20,2,84.4,20.3,30,11,6.9,-29,-10,9,-31,-28,9,06/03/0020,1.032537433,1.027662474,0.921381613,1.1140914,2.307186158,2.988852233,3.697918855,2,447,27.66666667
6/4/20,0,91.5,20,25,11,11.5,-36,-14,-33,-40,-31,13,06/04/0020,1.038714918,1.036213946,0.945903711,1.127418475,2.317072751,2.899685225,0,0,0,42
6/5/20,5,90.5,20.1,30,15,8.7,-27,-12,21,-33,-29,10,06/05/0020,1.047109952,1.041982619,0.965533188,1.155487591,2.330750513,2.820832926,2.571514823,5,1607,36.33333333
6/6/20,4,90.5,20.2,25,15,4.6,-26,-16,67,-18,-18,3,06/06/0020,1.052779164,1.051112529,0.970438342,1.154286539,2.347469803,2.751633244,2.089721528,4,1582,40.66666667
6/7/20,1,92.8,20.7,21,12,6.4,-33,-24,5,-28,1,3,06/07/0020,1.058314134,1.056665267,0.95844505,1.153296037,2.367393641,2.691464278,0.455363562,1,1815,40.66666667
6/8/20,2,90.6,19,21,13,5.5,-23,-14,9,-35,-28,10,06/08/0020,1.064643308,1.064906718,0.954785715,1.155263699,2.390512156,2.639794742,4.095564243,2,236,40
6/9/20,1,80.8,17.2,25,14,7.4,-24,-15,23,-32,-28,9,06/09/0020,1.070678428,1.072282037,0.960146422,1.161214495,2.416426149,2.596136463,0.422106672,1,1958,45.66666667
6/10/20,1,97.4,16.1,17,9,11.9,-27,-17,-12,-37,-29,11,06/10/0020,1.074212051,1.072040408,0.961879828,1.166134042,2.445218004,2.560014539,0.894464139,1,924,51.33333333
6/11/20,5,87.6,17.8,25,9,11.5,-21,-10,14,-32,-28,9,06/11/0020,1.080740842,1.074851129,0.985294222,1.185143853,2.477004357,2.530950451,4.063347415,5,1017,56.33333333
6/12/20,5,81.9,20.6,30,11,30.7,-20,-12,61,-27,-28,7,06/12/0020,1.080999436,1.075466583,0.975857605,1.174979974,2.511258012,2.508435258,2.784652507,5,1484,50.66666667
6/13/20,7,92.7,18.3,NA,10,NA,-27,-15,39,-23,-15,4,06/13/0020,1.082960921,1.079062658,0.979904059,1.181997656,2.548039564,2.491996757,2.988323372,7,1936,45
6/14/20,6,96.9,19.2,17,7,5.1,-26,-20,21,-26,5,2,06/14/0020,1.085835176,1.082256753,0.983402402,1.179798149,2.586589324,2.481221983,3.603858419,6,1376,48.33333333
6/15/20,3,93.4,20.2,34,16,6.4,-17,-12,36,-29,-26,6,06/15/0020,1.086929759,1.082254396,0.982318327,1.18736737,2.626156127,2.475714793,6.143346364,3,384,38.66666667
6/16/20,0,98.8,19.3,30,12,14.2,-17,-12,52,-28,-26,7,06/16/0020,1.088662336,1.087711814,0.994494699,1.204782776,2.667273569,2.475116951,0,0,0,50.66666667
6/17/20,0,95.8,20.9,30,17,6,-18,-11,34,-28,-27,8,06/17/0020,1.087911642,1.084662713,0.991405114,1.199753218,2.710061111,2.479132189,0,0,0,51
6/18/20,1,82.6,20.9,21,12,9.2,-16,-11,52,-25,-26,6,06/18/0020,1.088062811,1.085986441,0.986434359,1.196911294,2.754146763,2.487474807,1.063687084,1,777,44.33333333
6/19/20,2,72.5,20.3,21,10,9.6,-15,-9,81,-21,-26,5,06/19/0020,1.086778821,1.081645171,0.978398725,1.199654684,2.798982259,2.499887454,4.095564243,2,242,41
6/20/20,0,74.6,22.2,25,10,7.8,-19,-14,117,-7,-12,-1,06/20/0020,1.086279364,1.087494721,0.970689543,1.193605909,2.844377951,2.516097581,0,0,0,40.33333333
6/21/20,1,83.9,21.3,38,10,13.8,-22,-19,55,-11,9,-4,06/21/0020,1.084780026,1.084161982,0.978289487,1.198094877,2.890189387,2.535788652,1.751027255,1,472,50
6/22/20,0,71.7,23.4,38,12,15.1,-12,-8,71,-24,-26,5,06/22/0020,1.083411274,1.079691318,0.9810913,1.204310849,2.936392163,2.558671394,0,0,0,47.33333333
6/23/20,1,66.9,25.7,46,16,15.6,-12,-8,90,-21,-26,4,06/23/0020,1.080652259,1.077307591,0.96205459,1.186244509,2.982796798,2.584503337,2.047782121,1,216,37.66666667
6/24/20,0,65.8,24,50,15,16,-13,-10,81,-23,-30,5,06/24/0020,1.079301074,1.078676785,0.974497348,1.214721301,3.029207516,2.613054317,0,0,0,42.33333333
6/25/20,0,66.9,25.5,42,17,17.9,-13,-7,76,-21,-25,4,06/25/0020,1.078843121,1.077083471,0.958821799,1.200186322,3.075213709,2.64408132,0,0,0,40.66666667
6/26/20,0,66.9,25.3,46,16,13.8,-13,-7,105,-17,-26,4,06/26/0020,1.077570824,1.081296001,0.941623294,1.19694919,3.120814781,2.677334003,0,0,0,42.66666667
6/27/20,2,58,25.5,42,13,13.3,-18,-12,134,-3,-14,-3,06/27/0020,1.074774528,1.074369506,0.944852638,1.198838782,3.166661184,2.71256209,4.095564243,2,287,42.33333333
6/28/20,0,48.5,25,38,15,11.9,-21,-17,65,-6,12,-6,06/28/0020,1.07402562,1.073051134,0.922186183,1.183955427,3.212914467,2.749538786,0,0,0,50
6/29/20,3,75.5,25.5,42,16,8.7,-7,-4,90,-20,-24,3,06/29/0020,1.072206684,1.06803331,0.936476059,1.203994376,3.258956784,2.78804541,4.038199662,3,614,38.66666667
6/30/20,2,69.8,27.1,34,16,8.7,-9,-8,90,-21,-23,3,06/30/0020,1.072211021,1.073299925,0.928766083,1.201916449,3.304916951,2.827867647,0.943475872,2,1752,40
7/1/20,0,70.9,25.6,42,18,13.8,-10,-6,73,-20,-24,3,07/01/0020,1.073765406,1.070682222,0.912076103,1.199891467,3.351132831,2.868781076,0,0,0,29.5
7/2/20,0,78.9,27,34,14,8.7,-10,-7,79,-21,-24,4,07/02/0020,1.074805196,1.07139763,0.937420176,1.224603099,3.398221459,2.910572063,0,0,0,25
7/3/20,7,82.9,27.2,38,14,8.7,-11,-6,95,-18,-25,3,07/03/0020,1.074794261,1.068809795,0.912559298,1.204880381,3.447314928,2.953085489,6.566849091,7,881,
7/4/20,1,69.7,26.6,30,10,6.4,-15,-12,129,-5,-13,-2,07/04/0020,1.07135747,1.066786683,0.897218349,1.209184085,3.49904378,2.996221001,2.047782121,1,187,
7/5/20,6,60.7,26.9,38,13,8.7,-19,-15,68,-9,11,-6,07/05/0020,1.073000037,1.062454762,0.904227243,1.229021595,3.552951664,3.039877956,4.709315465,6,1053,
7/6/20,0,70.7,26.7,38,16,14.2,-6,-4,99,-20,-25,2,07/06/0020,1.072157144,1.061092845,0.883140232,1.215422633,3.607792793,3.083965779,0,0,0,
7/7/20,7,69.5,23.8,25,10,5.5,-6,-5,111,-19,-25,3,07/07/0020,1.070876184,1.054368011,0.886668156,1.23309585,3.664561534,3.128425908,9.707036995,7,596,
7/8/20,5,52.9,24.8,21,9,14.2,-9,-7,94,-20,-23,2,07/08/0020,1.069673423,1.050641991,0.877899942,1.235534564,3.724208987,3.173263538,2.573116015,5,1606,
7/9/20,0,66.8,26,46,18,12.4,-9,-7,98,-19,-24,2,07/09/0020,1.067348566,1.05021859,0.878420442,1.252995489,3.786408262,3.218595587,0,0,0,
7/10/20,0,66.9,26.2,46,17,10.1,-10,-6,123,-16,-25,2,07/10/0020,1.069869712,1.052424398,0.88204452,1.261064893,3.850957141,3.264632872,0,0,0,
7/11/20,3,71.8,26.1,46,17,8.7,-16,-13,145,-3,-12,-4,07/11/0020,1.069107357,1.050653887,0.851994712,1.242269684,3.917893216,3.311592528,2.660359005,3,932,
7/12/20,1,73.7,25.9,21,8,8.3,-17,-13,74,-5,14,-6,07/12/0020,1.069269688,1.051711705,0.85828425,1.268025596,3.989109211,3.35960326,0.445544401,1,1855,
7/13/20,0,52.9,24.3,25,9,3.2,-4,-2,110,-17,-24,2,07/13/0020,1.068968277,1.051401088,0.839396347,1.265134519,4.065440733,3.408792787,0,0,0,
7/14/20,0,58,22.4,NA,NA,NA,-4,-5,128,-17,-24,2,07/14/0020,1.06880107,1.041670728,0.824387127,1.257439817,4.146837517,3.459343536,0,0,0,
7/15/20,1,NA,NA,NA,NA,NA,-6,-6,93,-20,-23,3,07/15/0020,1.070926129,1.044545847,0.830154162,1.268204459,4.234008214,3.511446879,2.047782121,1,285,
7/16/20,2,NA,NA,NA,NA,NA,-4,-6,108,-18,-23,2,07/16/0020,1.06961033,1.049083002,0.821796887,1.273878684,4.328029495,3.565264171,4.095564243,2,298,
7/17/20,1,NA,NA,NA,NA,NA,-6,-4,124,-16,-24,2,07/17/0020,1.072022573,1.049979967,0.82654366,1.284287724,4.430514349,3.620928219,2.047782121,1,294,
7/18/20,0,NA,NA,NA,NA,NA,-11,-10,152,1,-12,-3,07/18/0020,1.071323786,1.049103598,0.809090142,1.280240922,4.541261622,3.678664174,0,0,0,
7/19/20,10,NA,NA,NA,NA,NA,-14,-12,83,-3,17,-7,07/19/0020,1.073303432,1.050781171,0.81880593,1.301370719,4.661334251,3.738807572,7.631439189,10,1083,
7/20/20,0,NA,NA,NA,NA,NA,-2,-2,125,-17,-24,1,07/20/0020,1.074545607,1.054668522,0.773740977,1.26880241,4.791813764,3.801726982,0,0,0,
7/21/20,3,NA,NA,NA,NA,NA,-3,-6,144,-18,-24,1,07/21/0020,1.074978239,1.051417044,0.786940426,1.284292629,4.933444919,3.86781407,4.909811074,3,505,
7/22/20,3,NA,NA,NA,NA,NA,NA,NA,NA,NA,NA,NA,07/22/0020,1.074883827,1.045474623,0.766231109,1.283478086,5.088310197,3.937535039,1.956949165,3,1267,