Date,NPI,Daily,Humidity,Temperature,pm25,pm10,no2,o3,npi,City,Population,Rate
2/23/20,58.65000153,0,NA,NA,93,42,27.9,17.1,60,bologna,366133,0
2/24/20,58.65000153,0,NA,NA,93,45,22.4,20.4,60,bologna,366133,0
2/25/20,58.65000153,0,61.5,14.4,61,32,27,18.3,60,bologna,366133,0
2/26/20,61.22000122,0,54.1,9.5,13,13,24.7,26,60,bologna,366133,0
2/27/20,61.22000122,0,36.5,9.4,13,3,8.3,28.1,60,bologna,366133,0
2/28/20,61.22000122,2,35,8.8,38,10,30.2,25.2,60,bologna,366133,5.4624958689874994e-6
2/29/20,61.22000122,0,38.7,12.2,46,16,30.7,23.6,60,bologna,366133,0
3/1/20,61.22000122,1,81.9,7.2,74,29,12.8,22.8,60,bologna,366133,2.7312479344937497e-6
3/2/20,61.22000122,3,84.6,8.6,17,11,23.4,24,60,bologna,366133,8.19374380348125e-6
3/3/20,61.22000122,5,85.3,8,13,5,18.8,17.9,60,bologna,366133,1.3656239672468747e-5
3/4/20,64.41999817,8,83.5,7.2,25,10,22,15.5,60,bologna,366133,2.1849983475949998e-5
3/5/20,64.41999817,22,76,8.5,25,11,28.8,15.5,60,bologna,366133,6.008745455886249e-5
3/6/20,64.41999817,8,84.2,7.7,55,16,19.2,20.4,60,bologna,366133,2.1849983475949998e-5
3/7/20,64.41999817,13,84,7.7,65,24,22.4,17.1,60,bologna,366133,3.5506223148418745e-5
3/8/20,64.41999817,18,69.1,6.9,30,11,22.4,24.4,60,bologna,366133,4.916246282088749e-5
3/9/20,64.41999817,6,71.4,7.7,55,20,26.6,19.1,60,bologna,366133,1.63874876069625e-5
3/10/20,69.87000275,22,65.5,9.5,59,21,28.8,21.6,70,bologna,366133,6.008745455886249e-5
3/11/20,71.79000092,14,57.5,11.5,53,17,25.6,26.4,70,bologna,366133,3.823747108291249e-5
3/12/20,71.79000092,33,74.5,13,70,26,25.6,22.8,70,bologna,366133,9.013118183829374e-5
3/13/20,71.79000092,40,75.3,14.1,42,18,22,18.3,70,bologna,366133,1.0924991737974998e-4
3/14/20,71.79000092,35,77,11,63,25,11.9,19.1,70,bologna,366133,9.559367770728124e-5
3/15/20,71.79000092,61,67.5,7.2,30,10,9.2,24.4,70,bologna,366133,1.666061240041187e-4
3/16/20,71.79000092,42,61.3,8.4,46,16,20.6,26.9,70,bologna,366133,1.1471241324873748e-4
3/17/20,77.55999756,62,61,9,59,24,23.8,27.3,80,bologna,366133,1.6933737193861246e-4
3/18/20,77.55999756,70,60,12.2,65,28,29.3,31.3,80,bologna,366133,1.9118735541456247e-4
3/19/20,77.55999756,87,64,13.5,63,24,15.1,34.2,80,bologna,366133,2.3761857030095621e-4
3/20/20,82.05000305,58,71.3,14,68,28,21.1,29.7,80,bologna,366133,1.5841238020063747e-4
3/21/20,82.05000305,64,69.2,12,59,21,11.9,31.7,80,bologna,366133,1.7479986780759998e-4
3/22/20,82.05000305,159,73.5,11,42,19,4.6,21.6,80,bologna,366133,4.3426842158450615e-4
3/23/20,82.05000305,135,41.5,5.6,34,14,10.6,28.1,80,bologna,366133,3.687184711566562e-4
3/24/20,82.05000305,139,48,5.9,50,16,14.7,25.6,80,bologna,366133,3.796434628946312e-4
3/25/20,82.05000305,146,54.5,5.5,50,20,7.4,22.4,80,bologna,366133,3.9876219843608743e-4
3/26/20,82.05000305,160,93,3.1,38,14,13.3,18.3,80,bologna,366133,4.369996695189999e-4
3/27/20,83.97000122,173,81.3,7.2,57,29,9.6,15.1,80,bologna,366133,4.725058926674187e-4
3/28/20,83.97000122,157,68.3,10.5,68,71,12.8,26,80,bologna,366133,4.2880592571551866e-4
3/29/20,83.97000122,129,61.5,12.5,55,65,11,30.9,80,bologna,366133,3.523309835496937e-4
3/30/20,83.97000122,68,76,9.7,55,36,14.2,24,80,bologna,366133,1.8572485954557497e-4
3/31/20,83.97000122,144,61,6,17,10,15.6,25.2,80,bologna,366133,3.9329970256709993e-4
4/1/20,83.97000122,141,55.5,4.5,38,14,19.2,28.9,80,bologna,366133,3.851059587636187e-4
4/2/20,83.97000122,114,53,6.6,55,17,13.3,30.1,80,bologna,366133,3.1136226453228744e-4
4/3/20,83.97000122,90,58.4,8.7,55,19,18.3,32.5,80,bologna,366133,2.458123141044375e-4
4/4/20,83.97000122,92,57,9.7,59,20,12.4,35.4,80,bologna,366133,2.51274809973425e-4
4/5/20,83.97000122,96,54.3,10.6,50,17,10.1,32.1,80,bologna,366133,2.621998017114e-4
4/6/20,83.97000122,39,52,12.5,65,25,12.8,34.6,80,bologna,366133,1.0651866944525623e-4
4/7/20,83.97000122,102,46,12.5,63,26,20.2,34.2,80,bologna,366133,2.7858728931836246e-4
4/8/20,83.97000122,98,32,14.8,46,17,12.4,33.8,80,bologna,366133,2.6766229758038747e-4
4/9/20,83.97000122,98,38.5,12.8,38,16,11.5,35.4,80,bologna,366133,2.6766229758038747e-4
4/10/20,81.41000366,121,40,16.1,55,17,8.3,40.3,80,bologna,366133,3.304810000737437e-4
4/11/20,81.41000366,122,39.8,17.5,59,15,5.5,43.1,80,bologna,366133,3.332122480082374e-4
4/12/20,85.26000214,95,26,18.7,34,9,5.5,37.8,90,bologna,366133,2.594685537769062e-4
4/13/20,85.26000214,28,34.5,17.5,53,12,7.4,42.3,90,bologna,366133,7.647494216582499e-5
4/14/20,85.26000214,60,55.6,14.5,50,16,6.4,41.1,90,bologna,366133,1.6387487606962496e-4
4/15/20,85.26000214,110,57.5,10,38,13,13.3,28.9,90,bologna,366133,3.0043727279431245e-4
4/16/20,85.26000214,129,60,12.5,38,14,10.1,28.9,90,bologna,366133,3.523309835496937e-4
4/17/20,85.26000214,60,40.5,15.5,38,17,10.6,33.8,90,bologna,366133,1.6387487606962496e-4
4/18/20,85.26000214,61,61,17.5,38,17,8.3,35,90,bologna,366133,1.666061240041187e-4
4/19/20,85.26000214,82,67.2,17.4,21,14,5.1,33.8,90,bologna,366133,2.2396233062848747e-4
4/20/20,85.26000214,43,93,14,13,11,8.7,19.1,90,bologna,366133,1.1744366118323123e-4
4/21/20,85.26000214,52,93,11.5,21,12,11.9,17.5,90,bologna,366133,1.4202489259367498e-4
4/22/20,85.26000214,54,64,12.7,42,17,11,33.3,90,bologna,366133,1.4748738846266247e-4
4/23/20,85.26000214,62,56.5,13.5,61,20,12.4,37,90,bologna,366133,1.6933737193861246e-4
4/24/20,85.26000214,69,46.5,17.5,53,16,6.9,42.3,90,bologna,366133,1.8845610748006872e-4
4/25/20,85.26000214,54,44.2,18.8,34,10,3.7,39.4,90,bologna,366133,1.4748738846266247e-4
4/26/20,85.26000214,35,49,17.7,25,8,5.1,40.7,90,bologna,366133,9.559367770728124e-5
4/27/20,85.26000214,72,51.2,19,25,8,8.7,35.4,90,bologna,366133,1.9664985128354997e-4
4/28/20,85.26000214,89,71.1,16.3,13,5,5.1,25.6,90,bologna,366133,2.430810661699437e-4
4/29/20,85.26000214,64,72,16.3,21,8,13.8,28.5,90,bologna,366133,1.7479986780759998e-4
4/30/20,85.26000214,42,54.7,18.7,13,6,3.7,26.9,90,bologna,366133,1.1471241324873748e-4
5/1/20,85.26000214,49,60.2,18.3,13,6,5.5,28.9,90,bologna,366133,1.3383114879019373e-4
5/2/20,85.26000214,43,61.5,19.5,21,9,6.4,32.1,90,bologna,366133,1.1744366118323123e-4
5/3/20,85.26000214,40,61.5,17.1,21,12,5.1,31.7,90,bologna,366133,1.0924991737974998e-4
5/4/20,64.09999847,29,51.6,17,25,11,11,37,60,bologna,366133,7.920619010031873e-5
5/5/20,64.09999847,27,51.2,20,17,11,21.1,33.8,60,bologna,366133,7.374369423133124e-5
5/6/20,64.09999847,39,73.2,16.5,21,15,15.6,26.4,60,bologna,366133,1.0651866944525623e-4
5/7/20,64.09999847,35,53,16.5,21,10,11.5,39.4,60,bologna,366133,9.559367770728124e-5
5/8/20,64.09999847,31,56,18.7,25,13,19.7,38.6,60,bologna,366133,8.466868596930623e-5
5/9/20,64.09999847,22,38.5,20.5,25,10,6.9,43.1,60,bologna,366133,6.008745455886249e-5
5/10/20,64.09999847,11,49,20.5,25,10,6,39,60,bologna,366133,3.0043727279431245e-5
5/11/20,64.09999847,21,59.7,18.6,13,4,6.4,30.5,60,bologna,366133,5.735620662436874e-5
5/12/20,64.09999847,21,63.2,19.5,13,7,13.3,26.9,60,bologna,366133,5.735620662436874e-5
5/13/20,64.09999847,15,87,15.9,25,13,12.8,22.8,60,bologna,366133,4.096871901740624e-5
5/14/20,64.09999847,12,84.1,18.5,50,29,11.9,26.9,60,bologna,366133,3.2774975213925e-5
5/15/20,64.09999847,15,54,20.5,25,14,14.2,32.1,60,bologna,366133,4.096871901740624e-5
5/16/20,66.66999817,12,72,17.5,25,13,8.7,25.6,70,bologna,366133,3.2774975213925e-5
5/17/20,66.66999817,1,73,19.8,53,20,7.8,37.8,70,bologna,366133,2.7312479344937497e-6
5/18/20,64.73999786,12,74.5,20,50,23,10.1,30.9,60,bologna,366133,3.2774975213925e-5
5/19/20,64.73999786,8,80,19,50,22,13.3,25.6,60,bologna,366133,2.1849983475949998e-5
5/20/20,64.73999786,10,75.5,18.1,34,13,12.4,28.1,60,bologna,366133,2.7312479344937494e-5
5/21/20,64.73999786,9,56,20,30,13,11.9,38.2,60,bologna,366133,2.4581231410443746e-5
5/22/20,64.73999786,11,52.7,22,38,16,17.4,43.5,60,bologna,366133,3.0043727279431245e-5
5/23/20,64.73999786,11,48.5,23.7,38,13,6.4,41.5,60,bologna,366133,3.0043727279431245e-5
5/24/20,64.73999786,14,62,20.5,30,13,10.6,36.6,60,bologna,366133,3.823747108291249e-5
5/25/20,64.73999786,10,50.2,19.8,30,10,18.8,40.7,60,bologna,366133,2.7312479344937494e-5
5/26/20,64.73999786,2,44.7,19.7,25,12,6.4,33.3,60,bologna,366133,5.4624958689874994e-6
5/27/20,64.73999786,30,45.8,19.2,25,11,8.7,35.8,60,bologna,366133,8.193743803481248e-5
5/28/20,64.73999786,8,43,20.4,21,10,10.6,41.5,60,bologna,366133,2.1849983475949998e-5
5/29/20,64.73999786,10,70,15.5,13,5,10.1,30.1,60,bologna,366133,2.7312479344937494e-5
5/30/20,64.73999786,5,58.2,17.5,13,8,8.7,33.8,60,bologna,366133,1.3656239672468747e-5
5/31/20,64.73999786,8,65,17,13,7,7.4,33.3,60,bologna,366133,2.1849983475949998e-5
6/1/20,64.73999786,5,50,19.8,13,9,11,39,60,bologna,366133,1.3656239672468747e-5
6/2/20,60.90000153,2,50,21.8,13,8,6,40.3,60,bologna,366133,5.4624958689874994e-6
6/3/20,55.13000107,5,53.2,22,13,4,8.7,34.2,60,bologna,366133,1.3656239672468747e-5
6/4/20,55.13000107,2,72,19,13,4,13.8,25.6,60,bologna,366133,5.4624958689874994e-6
6/5/20,55.13000107,4,73.6,19.8,13,7,15.1,31.3,60,bologna,366133,1.0924991737974999e-5
6/6/20,55.13000107,0,58.8,21.7,13,7,3.7,29.7,60,bologna,366133,0
6/7/20,55.13000107,3,60.4,21.8,25,9,4.2,26.9,60,bologna,366133,8.19374380348125e-6
6/8/20,55.13000107,4,88,18,46,15,9.6,19.1,60,bologna,366133,1.0924991737974999e-5
6/9/20,55.13000107,4,82,16.4,30,11,9.6,24,60,bologna,366133,1.0924991737974999e-5
6/10/20,55.13000107,8,77,16,25,7,8.7,31.3,60,bologna,366133,2.1849983475949998e-5
6/11/20,58.97000122,14,82.8,16.3,30,10,12.4,30.1,60,bologna,366133,3.823747108291249e-5
6/12/20,58.97000122,15,63.5,21.2,34,10,11,34.6,60,bologna,366133,4.096871901740624e-5
6/13/20,58.97000122,7,64,21,30,10,6,33.3,60,bologna,366133,1.9118735541456246e-5
6/14/20,58.97000122,5,66,20.6,13,7,7.4,35.4,60,bologna,366133,1.3656239672468747e-5
6/15/20,62.81999969,2,75.5,19.7,25,6,9.6,25.6,60,bologna,366133,5.4624958689874994e-6
6/16/20,62.81999969,5,69.2,22.3,21,8,8.3,36.6,60,bologna,366133,1.3656239672468747e-5
6/17/20,62.81999969,16,73,21.1,21,8,8.3,34.6,60,bologna,366133,4.3699966951899995e-5
6/18/20,62.81999969,12,52,21.5,13,7,6,36.6,60,bologna,366133,3.2774975213925e-5
6/19/20,62.81999969,9,52.2,21.6,13,5,9.2,34.2,60,bologna,366133,2.4581231410443746e-5
6/20/20,62.81999969,14,53.7,22.6,13,7,9.6,40.3,60,bologna,366133,3.823747108291249e-5
6/21/20,62.81999969,11,55.2,23.2,30,9,6.9,43.5,60,bologna,366133,3.0043727279431245e-5
6/22/20,62.81999969,5,48,25,34,10,11,45.1,60,bologna,366133,1.3656239672468747e-5
6/23/20,62.81999969,0,45.2,26.5,42,11,10.6,59.7,60,bologna,366133,0
6/24/20,62.81999969,31,53.5,24.8,55,17,17,46.3,60,bologna,366133,8.466868596930623e-5
6/25/20,62.81999969,23,67,25.2,21,14,8.3,52.6,60,bologna,366133,6.281870249335625e-5
6/26/20,62.81999969,28,61,25.2,42,17,10.1,48.4,60,bologna,366133,7.647494216582499e-5
6/27/20,62.81999969,4,47.5,26.2,34,10,8.7,48.4,60,bologna,366133,1.0924991737974999e-5
6/28/20,62.81999969,6,48,27.5,34,13,5.1,53.2,60,bologna,366133,1.63874876069625e-5
6/29/20,62.81999969,8,45.2,27.7,25,12,6,44.7,60,bologna,366133,2.1849983475949998e-5
6/30/20,62.81999969,8,53,26.9,34,16,12.4,NA,60,bologna,366133,2.1849983475949998e-5
7/1/20,62.81999969,14,52.2,26,30,13,8.3,42.3,60,bologna,366133,3.823747108291249e-5
7/2/20,62.81999969,17,65,26.5,38,22,11.5,48.8,60,bologna,366133,4.6431214886393744e-5
7/3/20,62.81999969,16,75,24.4,25,11,14.2,39,60,bologna,366133,4.3699966951899995e-5
7/4/20,62.81999969,8,73.2,22.5,30,10,8.7,30.1,60,bologna,366133,2.1849983475949998e-5
7/5/20,55.13000107,7,55.5,26.1,34,12,10.6,46.8,60,bologna,366133,1.9118735541456246e-5
7/6/20,55.13000107,5,54,27.5,42,15,13.3,54.5,60,bologna,366133,1.3656239672468747e-5
7/7/20,55.13000107,17,63.5,22.5,21,18,11.5,27.7,60,bologna,366133,4.6431214886393744e-5
7/8/20,NA,14,49.5,23,30,16,12.4,45.5,NA,bologna,366133,3.823747108291249e-5
7/9/20,NA,23,52,25.4,46,16,13.3,61.7,NA,bologna,366133,6.281870249335625e-5
7/10/20,NA,20,53.2,26.5,50,19,12.4,70.8,NA,bologna,366133,5.462495868987499e-5
7/11/20,NA,19,61,24.3,46,18,6.4,53.9,NA,bologna,366133,5.189371075538124e-5
7/12/20,NA,0,72,21.5,21,10,6.9,34.6,NA,bologna,366133,0
7/13/20,NA,5,55,21.5,34,10,12.8,36.6,NA,bologna,366133,1.3656239672468747e-5
7/14/20,NA,0,67.5,16.8,NA,NA,NA,NA,NA,bologna,366133,0
7/15/20,NA,17,NA,NA,NA,NA,NA,NA,NA,bologna,366133,4.6431214886393744e-5
7/16/20,NA,21,NA,NA,NA,NA,NA,NA,NA,bologna,366133,5.735620662436874e-5
7/17/20,NA,8,NA,NA,NA,NA,NA,NA,NA,bologna,366133,2.1849983475949998e-5
7/18/20,NA,3,NA,NA,NA,NA,NA,NA,NA,bologna,366133,8.19374380348125e-6
7/19/20,NA,7,NA,NA,NA,NA,NA,NA,NA,bologna,366133,1.9118735541456246e-5
7/20/20,NA,7,NA,NA,NA,NA,NA,NA,NA,bologna,366133,1.9118735541456246e-5
7/21/20,NA,16,NA,NA,NA,NA,NA,NA,NA,bologna,366133,4.3699966951899995e-5
7/22/20,NA,0,NA,NA,NA,NA,NA,NA,NA,bologna,366133,0
2/23/20,58.65000153,0,NA,NA,99,41,28.8,NA,60,brescia,184826,0
2/24/20,58.65000153,0,NA,NA,107,49,27,31.3,60,brescia,184826,0
2/25/20,58.65000153,2,76.5,11.6,132,50,29.3,11,60,brescia,184826,1.0820988389079459e-5
2/26/20,61.22000122,8,30.5,9.3,104,43,27,29.3,60,brescia,184826,4.3283953556317835e-5
2/27/20,61.22000122,3,30.1,7.9,38,15,32.5,30.1,60,brescia,184826,1.6231482583619188e-5
2/28/20,61.22000122,1,30.3,7.7,50,19,42.1,35.8,60,brescia,184826,5.410494194539729e-6
2/29/20,61.22000122,35,41.6,9,53,21,24.7,28.5,60,brescia,184826,1.8936729680889053e-4
3/1/20,61.22000122,11,93.1,6.6,NA,NA,NA,NA,60,brescia,184826,5.951543613993702e-5
3/2/20,61.22000122,26,95.2,4.6,NA,NA,NA,NA,60,brescia,184826,1.4067284905803297e-4
3/3/20,61.22000122,41,NA,NA,63,21,22.9,7.4,60,brescia,184826,2.218302619761289e-4
3/4/20,64.41999817,28,65.7,7.8,46,16,29.3,27.3,60,brescia,184826,1.514938374471124e-4
3/5/20,64.41999817,27,71.6,6.2,38,13,18.8,26.4,60,brescia,184826,1.460833432525727e-4
3/6/20,64.41999817,231,82.2,5.8,63,20,27,17.9,60,brescia,184826,0.0012498241589386774
3/7/20,64.41999817,88,64.4,9,76,25,24.7,28.1,60,brescia,184826,4.7612348911949616e-4
3/8/20,64.41999817,238,51.2,8.1,30,9,31.1,35.8,60,brescia,184826,0.0012876976183004555
3/9/20,64.41999817,51,70.2,8.3,61,20,27.5,28.9,60,brescia,184826,2.759352039215262e-4
3/10/20,69.87000275,561,57.8,8.4,82,33,29.3,23.6,70,brescia,184826,0.0030352872431367883
3/11/20,71.79000092,247,59.6,11.6,74,29,27.5,31.3,70,brescia,184826,0.0013363920660513131
3/12/20,71.79000092,186,72.6,12,117,50,25.2,24.4,70,brescia,184826,0.0010063519201843896
3/13/20,71.79000092,338,72.3,13.3,63,25,15.1,29.3,70,brescia,184826,0.0018287470377544284
3/14/20,71.79000092,351,73.3,10,72,23,13.3,26.4,70,brescia,184826,0.001899083462283445
3/15/20,71.79000092,445,70.3,6.7,46,10,10.6,35,70,brescia,184826,0.0024076699165701794
3/16/20,71.79000092,382,58.6,8.3,59,18,23.8,34.6,70,brescia,184826,0.0020668087823141764
3/17/20,77.55999756,484,57.6,11.7,89,32,35.2,37.4,80,brescia,184826,0.002618679190157229
3/18/20,77.55999756,463,52.8,14.3,99,40,29.8,41.1,80,brescia,184826,0.0025050588120718946
3/19/20,77.55999756,401,57,13,78,30,31.1,43.1,80,brescia,184826,0.0021696081720104315
3/20/20,82.05000305,380,59.1,14.3,93,39,16,45.9,80,brescia,184826,0.002055987793925097
3/21/20,82.05000305,289,74.5,12.6,91,34,12.4,41.9,80,brescia,184826,0.0015636328222219818
3/22/20,82.05000305,588,57.2,10.5,61,20,5.1,38.2,80,brescia,184826,0.003181370586389361
3/23/20,82.05000305,393,45.3,5.4,38,14,12.4,29.7,80,brescia,184826,0.0021263242184541135
3/24/20,82.05000305,299,35.5,6.8,46,15,10.6,32.9,80,brescia,184826,0.001617737764167379
3/25/20,82.05000305,334,42.7,5.4,46,14,10.6,33.3,80,brescia,184826,0.0018071050609762696
3/26/20,82.05000305,374,60.1,6.1,61,21,16,26.4,80,brescia,184826,0.002023524828757859
3/27/20,83.97000122,373,63.4,10.5,70,29,15.6,28.5,80,brescia,184826,0.002018114334563319
3/28/20,83.97000122,335,50.1,13.5,104,69,16.5,37.8,80,brescia,184826,0.0018125155551708093
3/29/20,83.97000122,200,50.7,14.4,76,62,8.3,43.1,80,brescia,184826,0.0010820988389079458
3/30/20,83.97000122,154,57.4,13,55,29,7.4,37.4,80,brescia,184826,8.332161059591183e-4
3/31/20,83.97000122,231,53.3,5.8,34,10,11.5,27.3,80,brescia,184826,0.0012498241589386774
4/1/20,83.97000122,159,50.3,5.5,50,15,11.5,33.3,80,brescia,184826,8.60268576931817e-4
4/2/20,83.97000122,257,48.7,7.1,61,20,10.1,39.8,80,brescia,184826,0.0013904970079967104
4/3/20,83.97000122,166,52.7,9.3,85,30,16.5,46.8,80,brescia,184826,8.981420362935951e-4
4/4/20,83.97000122,160,49.4,11.6,87,32,17,53.2,80,brescia,184826,8.656790711263567e-4
4/5/20,83.97000122,137,37.6,12.8,63,20,9.6,47.2,80,brescia,184826,7.412377046519429e-4
4/6/20,83.97000122,117,43.6,13.7,63,21,12.4,51.9,80,brescia,184826,6.330278207611484e-4
4/7/20,83.97000122,315,30.9,14.2,68,27,21.5,52.6,80,brescia,184826,0.0017043056712800148
4/8/20,83.97000122,213,33.4,13.3,57,21,18.3,51.3,80,brescia,184826,0.0011524352634369624
4/9/20,83.97000122,247,35.8,14.8,63,25,24.7,57.1,80,brescia,184826,0.0013363920660513131
4/10/20,81.41000366,230,36.7,16.4,65,25,18.8,57.1,80,brescia,184826,0.0012444136647441378
4/11/20,81.41000366,269,37.5,15.5,57,21,22.9,57.8,80,brescia,184826,0.0014554229383311871
4/12/20,85.26000214,190,32.5,17.2,46,14,6.9,NA,90,brescia,184826,0.0010279938969625486
4/13/20,85.26000214,35,30.9,16.8,50,15,8.7,NA,90,brescia,184826,1.8936729680889053e-4
4/14/20,85.26000214,94,55,14.4,57,23,12.4,48.4,90,brescia,184826,5.085864542867345e-4
4/15/20,85.26000214,168,48.5,11.1,50,19,7.4,41.9,90,brescia,184826,9.089630246826746e-4
4/16/20,85.26000214,212,45.7,14,57,22,15.6,46.3,90,brescia,184826,0.0011470247692424225
4/17/20,85.26000214,191,44.4,14.8,59,25,24.3,48,90,brescia,184826,0.0010334043911570882
4/18/20,85.26000214,188,45.2,16.9,46,21,8.7,45.5,90,brescia,184826,0.001017172908573469
4/19/20,85.26000214,58,54.6,18.4,55,26,4.6,57.1,90,brescia,184826,3.138086632833043e-4
4/20/20,85.26000214,74,76.7,14.4,38,14,4.6,29.3,90,brescia,184826,4.0037657039594e-4
4/21/20,85.26000214,100,62.5,12.5,57,20,10.6,34.2,90,brescia,184826,5.410494194539729e-4
4/22/20,85.26000214,130,39.4,14.5,46,17,11,38.6,90,brescia,184826,7.033642452901647e-4
4/23/20,85.26000214,167,46.8,14.9,61,26,14.2,53.9,90,brescia,184826,9.035525304881348e-4
4/24/20,85.26000214,65,42.4,18.3,68,30,32.5,66.2,90,brescia,184826,3.516821226450824e-4
4/25/20,85.26000214,24,45.4,19.5,50,18,7.4,49.6,90,brescia,184826,1.298518606689535e-4
4/26/20,85.26000214,35,41.7,17.6,34,10,6.9,49.2,90,brescia,184826,1.8936729680889053e-4
4/27/20,85.26000214,92,56.8,18.1,46,19,13.8,41.5,90,brescia,184826,4.97765465897655e-4
4/28/20,85.26000214,115,69.3,15.5,38,15,11,33.8,90,brescia,184826,6.222068323720689e-4
4/29/20,85.26000214,55,79,13.8,9,6,8.7,21.2,90,brescia,184826,2.9757718069968513e-4
4/30/20,85.26000214,68,66.8,15.8,30,10,10.1,36.2,90,brescia,184826,3.679136052287016e-4
5/1/20,85.26000214,70,73.6,15.1,21,9,3.7,39,90,brescia,184826,3.7873459361778105e-4
5/2/20,85.26000214,29,48.2,19.7,34,9,6.9,42.7,90,brescia,184826,1.5690433164165216e-4
5/3/20,85.26000214,94,46.7,18.3,25,8,4.2,43.1,90,brescia,184826,5.085864542867345e-4
5/4/20,64.09999847,46,34.5,18.4,21,10,17,48.4,60,brescia,184826,2.488827329488275e-4
5/5/20,64.09999847,99,53.3,18.5,38,18,18.8,47.6,60,brescia,184826,5.356389252594332e-4
5/6/20,64.09999847,124,61.7,17.7,46,19,11.5,39.8,60,brescia,184826,6.709012801229264e-4
5/7/20,64.09999847,69,36.2,17.5,42,16,18.3,55.2,60,brescia,184826,3.733240994232413e-4
5/8/20,64.09999847,46,42.8,20.5,55,21,13.8,72.7,60,brescia,184826,2.488827329488275e-4
5/9/20,64.09999847,44,43.7,19.7,42,20,13.3,68.8,60,brescia,184826,2.3806174455974808e-4
5/10/20,64.09999847,70,47,20.2,46,19,3.7,61.7,60,brescia,184826,3.7873459361778105e-4
5/11/20,64.09999847,128,82.5,15.5,21,8,11,48,60,brescia,184826,6.925432569010854e-4
5/12/20,64.09999847,94,69,16.1,34,11,13.8,38.6,60,brescia,184826,5.085864542867345e-4
5/13/20,64.09999847,106,77.8,15,30,14,17.4,22,60,brescia,184826,5.735123846212113e-4
5/14/20,64.09999847,60,67.1,19.9,55,23,11,41.1,60,brescia,184826,3.2462965167238375e-4
5/15/20,64.09999847,83,80,17.2,42,14,13.3,36.6,60,brescia,184826,4.4907101814679754e-4
5/16/20,66.66999817,56,70.3,17.3,38,14,8.7,35.4,70,brescia,184826,3.029876748942248e-4
5/17/20,66.66999817,11,68.4,18.8,34,11,8.7,39.4,70,brescia,184826,5.951543613993702e-5
5/18/20,64.73999786,41,65,21.6,55,22,11.9,42.7,60,brescia,184826,2.218302619761289e-4
5/19/20,64.73999786,50,74.1,19.1,38,16,19.7,31.7,60,brescia,184826,2.7052470972698645e-4
5/20/20,64.73999786,77,61.9,19.8,50,20,18.3,48.4,60,brescia,184826,4.1660805297955917e-4
5/21/20,64.73999786,19,41.6,21.7,53,17,21.5,49.2,60,brescia,184826,1.0279938969625486e-4
5/22/20,64.73999786,72,44.9,21.9,55,22,17.9,42.7,60,brescia,184826,3.895555820068605e-4
5/23/20,64.73999786,59,53.5,21.1,61,27,13.3,58.4,60,brescia,184826,3.19219157477844e-4
5/24/20,64.73999786,3,53.2,20.7,17,7,8.7,43.9,60,brescia,184826,1.6231482583619188e-5
5/25/20,64.73999786,10,44.2,21.1,38,12,12.4,49.2,60,brescia,184826,5.4104941945397294e-5
5/26/20,64.73999786,33,50.1,19.9,30,11,7.8,46.8,60,brescia,184826,1.7854630841981106e-4
5/27/20,64.73999786,90,41.7,20.6,25,11,12.8,47.6,60,brescia,184826,4.8694447750857565e-4
5/28/20,64.73999786,71,44,20.8,38,17,20.2,58.4,60,brescia,184826,3.841450878123208e-4
5/29/20,64.73999786,41,53.4,17.3,25,9,13.8,42.3,60,brescia,184826,2.218302619761289e-4
5/30/20,64.73999786,44,60,19.6,46,14,11,43.9,60,brescia,184826,2.3806174455974808e-4
5/31/20,64.73999786,6,59.4,19.4,30,10,9.2,42.3,60,brescia,184826,3.2462965167238377e-5
6/1/20,64.73999786,36,50,22.6,42,13,12.4,48,60,brescia,184826,1.9477779100343025e-4
6/2/20,60.90000153,51,54,22,34,10,8.7,59.1,60,brescia,184826,2.759352039215262e-4
6/3/20,55.13000107,20,60,20.5,30,9,16.5,56.5,60,brescia,184826,1.0820988389079459e-4
6/4/20,55.13000107,89,88,17,17,6,12.8,26.9,60,brescia,184826,4.815339833140359e-4
6/5/20,55.13000107,18,67.6,19.5,30,11,15.6,54.5,60,brescia,184826,9.738889550171512e-5
6/6/20,55.13000107,19,72,19.7,38,12,11,48,60,brescia,184826,1.0279938969625486e-4
6/7/20,55.13000107,63,77.2,19,25,10,6.9,31.7,60,brescia,184826,3.4086113425600294e-4
6/8/20,55.13000107,24,84.2,17.8,17,6,16.5,32.9,60,brescia,184826,1.298518606689535e-4
6/9/20,55.13000107,12,68,18,30,13,16.5,42.3,60,brescia,184826,6.492593033447675e-5
6/10/20,55.13000107,81,78.6,16.2,34,13,14.7,37.4,60,brescia,184826,4.3825002975771805e-4
6/11/20,58.97000122,30,82,15.5,25,9,12.4,43.1,60,brescia,184826,1.6231482583619188e-4
6/12/20,58.97000122,21,60,20,34,11,14.2,48.8,60,brescia,184826,1.1362037808533432e-4
6/13/20,58.97000122,32,64,21,38,12,9.6,55.2,60,brescia,184826,1.7313581422527134e-4
6/14/20,58.97000122,56,78.5,19.2,30,9,7.4,45.9,60,brescia,184826,3.029876748942248e-4
6/15/20,62.81999969,11,77,19,30,6,16,43.9,60,brescia,184826,5.951543613993702e-5
6/16/20,62.81999969,16,72.4,20.5,30,10,18.8,43.1,60,brescia,184826,8.656790711263567e-5
6/17/20,62.81999969,41,72.7,19,34,10,22.9,48,60,brescia,184826,2.218302619761289e-4
6/18/20,62.81999969,21,61.7,20.8,42,14,12.8,44.7,60,brescia,184826,1.1362037808533432e-4
6/19/20,62.81999969,27,70.8,18,25,10,17.9,45.5,60,brescia,184826,1.460833432525727e-4
6/20/20,62.81999969,37,50.9,21.4,17,5,14.2,45.9,60,brescia,184826,2.0018828519797e-4
6/21/20,62.81999969,20,53,23,30,7,11,58.4,60,brescia,184826,1.0820988389079459e-4
6/22/20,62.81999969,6,47.5,25,30,9,18.3,51.3,60,brescia,184826,3.2462965167238377e-5
6/23/20,62.81999969,14,41.6,27.1,17,8,21.5,68.8,60,brescia,184826,7.57469187235562e-5
6/24/20,62.81999969,24,49.5,26,38,14,8.7,63,60,brescia,184826,1.298518606689535e-4
6/25/20,62.81999969,27,57,24,46,16,13.8,64.3,60,brescia,184826,1.460833432525727e-4
6/26/20,62.81999969,14,60,24.9,50,11,9.6,63,60,brescia,184826,7.57469187235562e-5
6/27/20,62.81999969,27,51,27,59,16,4.2,78,60,brescia,184826,1.460833432525727e-4
6/28/20,62.81999969,9,54,27,55,13,3.2,61,60,brescia,184826,4.869444775085756e-5
6/29/20,62.81999969,6,53.9,26.8,46,15,51.4,NA,60,brescia,184826,3.2462965167238377e-5
6/30/20,62.81999969,18,55,26.8,42,15,26.6,NA,60,brescia,184826,9.738889550171512e-5
7/1/20,62.81999969,9,64.8,26.2,61,25,14.2,65.6,60,brescia,184826,4.869444775085756e-5
7/2/20,62.81999969,15,65,25.2,50,11,18.3,61.7,60,brescia,184826,8.115741291809594e-5
7/3/20,62.81999969,13,61.2,24,25,2,13.8,48.4,60,brescia,184826,7.033642452901649e-5
7/4/20,62.81999969,6,58.9,24.1,34,13,8.7,51.9,60,brescia,184826,3.2462965167238377e-5
7/5/20,55.13000107,10,56.9,26.8,46,4,8.7,68.2,60,brescia,184826,5.4104941945397294e-5
7/6/20,55.13000107,17,57.2,27.3,57,26,18.3,80.6,60,brescia,184826,9.19784013071754e-5
7/7/20,55.13000107,9,47.1,25,17,2,7.4,45.5,60,brescia,184826,4.869444775085756e-5
7/8/20,NA,14,44.1,24.9,25,6,14.2,64.3,NA,brescia,184826,7.57469187235562e-5
7/9/20,NA,17,48.1,26.6,57,15,14.7,90.3,NA,brescia,184826,9.19784013071754e-5
7/10/20,NA,16,51.6,28,53,12,14.2,87.7,NA,brescia,184826,8.656790711263567e-5
7/11/20,NA,6,65.2,24.4,55,20,10.6,72.1,NA,brescia,184826,3.2462965167238377e-5
7/12/20,NA,13,48.5,23.2,17,7,6,42.7,NA,brescia,184826,7.033642452901649e-5
7/13/20,NA,7,41.7,23,NA,NA,NA,NA,NA,brescia,184826,3.78734593617781e-5
7/14/20,NA,8,64,20,NA,NA,NA,NA,NA,brescia,184826,4.3283953556317835e-5
7/15/20,NA,5,NA,NA,NA,NA,NA,NA,NA,brescia,184826,2.7052470972698647e-5
7/16/20,NA,13,NA,NA,NA,NA,NA,NA,NA,brescia,184826,7.033642452901649e-5
7/17/20,NA,9,NA,NA,NA,NA,NA,NA,NA,brescia,184826,4.869444775085756e-5
7/18/20,NA,6,NA,NA,NA,NA,NA,NA,NA,brescia,184826,3.2462965167238377e-5
7/19/20,NA,5,NA,NA,NA,NA,NA,NA,NA,brescia,184826,2.7052470972698647e-5
7/20/20,NA,7,NA,NA,NA,NA,NA,NA,NA,brescia,184826,3.78734593617781e-5
7/21/20,NA,10,NA,NA,NA,NA,NA,NA,NA,brescia,184826,5.4104941945397294e-5
7/22/20,NA,0,NA,NA,NA,NA,NA,NA,NA,brescia,184826,0
2/23/20,58.65000153,0,NA,NA,117,52,30.7,22.8,60,parma,146299,0
2/24/20,58.65000153,4,NA,NA,109,51,21.1,22.4,60,parma,146299,2.7341266857599848e-5
2/25/20,58.65000153,4,77.8,12.4,132,56,22.9,22.8,60,parma,146299,2.7341266857599848e-5
2/26/20,61.22000122,2,47.4,9.4,68,30,17.9,27.3,60,parma,146299,1.3670633428799924e-5
2/27/20,61.22000122,17,43.9,8.4,17,10,17,30.1,60,parma,146299,1.1620038414479935e-4
2/28/20,61.22000122,8,28.7,9.4,34,15,33.9,28.5,60,parma,146299,5.4682533715199696e-5
2/29/20,61.22000122,24,51,8.9,72,30,21.1,13.9,60,parma,146299,1.6404760114559908e-4
3/1/20,61.22000122,2,92,6.6,72,27,17.4,13.9,60,parma,146299,1.3670633428799924e-5
3/2/20,61.22000122,23,92.8,7.5,70,29,18.3,8.6,60,parma,146299,1.5721228443119913e-4
3/3/20,61.22000122,31,89.4,7.7,38,14,21.5,14.3,60,parma,146299,2.1189481814639882e-4
3/4/20,64.41999817,35,78.7,7.2,46,18,20.2,19.9,60,parma,146299,2.3923608500399867e-4
3/5/20,64.41999817,31,82.9,7.2,59,23,18.3,13,60,parma,146299,2.1189481814639882e-4
3/6/20,64.41999817,48,88.1,6.3,59,21,20.6,20.8,60,parma,146299,3.2809520229119815e-4
3/7/20,64.41999817,47,76.3,8.7,70,27,17.4,23.6,60,parma,146299,3.212598855767982e-4
3/8/20,64.41999817,3,63,8.9,46,16,23.8,29.3,60,parma,146299,2.0505950143199884e-5
3/9/20,64.41999817,46,71.5,7.6,57,21,17.4,23.2,60,parma,146299,3.1442456886239826e-4
3/10/20,69.87000275,53,67,9.4,46,18,34.8,22.4,70,parma,146299,3.62271785863198e-4
3/11/20,71.79000092,52,59.9,11.1,55,22,22.9,26.4,70,parma,146299,3.5543646914879803e-4
3/12/20,71.79000092,88,84.2,12.2,102,47,22,29.3,70,parma,146299,6.015078708671966e-4
3/13/20,71.79000092,52,81.4,13.3,82,36,16.5,26.4,70,parma,146299,3.5543646914879803e-4
3/14/20,71.79000092,92,71.9,11.1,63,24,6,19.1,70,parma,146299,6.288491377247965e-4
3/15/20,71.79000092,45,66.8,8.5,42,15,8.7,29.7,70,parma,146299,3.0758925214799827e-4
3/16/20,71.79000092,93,53.3,9.4,59,18,29.3,32.1,70,parma,146299,6.356844544391964e-4
3/17/20,77.55999756,0,55,11.3,72,26,22.9,33.3,80,parma,146299,0
3/18/20,77.55999756,69,46.5,16.9,89,36,31.6,39.4,80,parma,146299,4.7163685329359734e-4
3/19/20,77.55999756,110,41.6,20,80,35,26.1,39,80,parma,146299,7.518848385839958e-4
3/20/20,82.05000305,35,56.4,17.5,89,40,16.5,28.5,80,parma,146299,2.3923608500399867e-4
3/21/20,82.05000305,195,47.4,17.8,72,30,8.3,34.2,80,parma,146299,0.0013328867593079925
3/22/20,82.05000305,155,65.5,13.3,53,16,3.7,26.9,80,parma,146299,0.001059474090731994
3/23/20,82.05000305,71,22,8,34,10,15.1,30.9,80,parma,146299,4.853074867223973e-4
3/24/20,82.05000305,90,26.7,9.4,42,10,15.1,31.3,80,parma,146299,6.151785042959965e-4
3/25/20,82.05000305,86,47.7,7.2,50,20,7.8,28.5,80,parma,146299,5.878372374383968e-4
3/26/20,82.05000305,79,89.2,3.8,46,18,9.2,24.8,80,parma,146299,5.39990020437597e-4
3/27/20,83.97000122,62,85.2,9.3,65,42,13.3,17.5,80,parma,146299,4.2378963629279763e-4
3/28/20,83.97000122,57,67.6,11.2,82,73,15.6,32.9,80,parma,146299,3.896130527207978e-4
3/29/20,83.97000122,50,66,13.6,63,60,8.3,36.2,80,parma,146299,3.417658357199981e-4
3/30/20,83.97000122,74,68,12.3,55,46,11.5,30.5,80,parma,146299,5.058134368655971e-4
3/31/20,83.97000122,72,42.8,7,25,9,11.5,30.5,80,parma,146299,4.921428034367972e-4
4/1/20,83.97000122,44,26.8,10.6,57,20,18.3,33.8,80,parma,146299,3.007539354335983e-4
4/2/20,83.97000122,34,17.5,13.8,63,21,21.1,35.4,80,parma,146299,2.324007682895987e-4
4/3/20,83.97000122,118,23.5,16.1,74,27,20.6,42.3,80,parma,146299,8.065673722991955e-4
4/4/20,83.97000122,74,36.2,16.2,72,30,11,45.5,80,parma,146299,5.058134368655971e-4
4/5/20,83.97000122,42,47,12.3,61,21,10.6,40.3,80,parma,146299,2.870833020047984e-4
4/6/20,83.97000122,48,47,14,68,27,19.7,45.5,80,parma,146299,3.2809520229119815e-4
4/7/20,83.97000122,30,44.5,13.7,72,28,17.9,41.5,80,parma,146299,2.0505950143199884e-4
4/8/20,83.97000122,26,32.5,14,55,20,18.8,37.8,80,parma,146299,1.7771823457439902e-4
4/9/20,83.97000122,52,36,15.2,57,20,21.5,42.7,80,parma,146299,3.5543646914879803e-4
4/10/20,81.41000366,39,40.7,13.4,59,21,19.2,49.2,80,parma,146299,2.665773518615985e-4
4/11/20,81.41000366,19,10,25,57,20,9.2,52.6,80,parma,146299,1.2987101757359928e-4
4/12/20,85.26000214,42,10,23.9,38,12,3.7,43.9,90,parma,146299,2.870833020047984e-4
4/13/20,85.26000214,9,NA,NA,55,17,4.6,47.2,90,parma,146299,6.151785042959965e-5
4/14/20,85.26000214,34,42.8,18.3,46,19,9.6,43.9,90,parma,146299,2.324007682895987e-4
4/15/20,85.26000214,82,34.3,15,38,16,8.7,36.2,90,parma,146299,5.604959705807969e-4
4/16/20,85.26000214,27,41.7,16.4,46,20,15.1,38.6,90,parma,146299,1.8455355128879896e-4
4/17/20,85.26000214,43,33.6,19.8,50,21,17.9,43.1,90,parma,146299,2.939186187191984e-4
4/18/20,85.26000214,45,47,19.3,57,22,9.6,42.3,90,parma,146299,3.0758925214799827e-4
4/19/20,85.26000214,74,71,16.1,57,24,5.1,40.3,90,parma,146299,5.058134368655971e-4
4/20/20,85.26000214,22,89.5,13,42,16,3.7,22.4,90,parma,146299,1.5037696771679916e-4
4/21/20,85.26000214,64,72.5,11.6,42,20,9.6,21.2,90,parma,146299,4.3746026972159757e-4
4/22/20,85.26000214,26,55.2,13.8,53,20,14.7,38.6,90,parma,146299,1.7771823457439902e-4
4/23/20,85.26000214,12,52.2,14.8,61,22,13.8,43.5,90,parma,146299,8.202380057279954e-5
4/24/20,85.26000214,23,48,17.3,57,20,12.4,46.3,90,parma,146299,1.5721228443119913e-4
4/25/20,85.26000214,39,45,18,42,13,7.8,43.5,90,parma,146299,2.665773518615985e-4
4/26/20,85.26000214,39,52,19.3,42,13,7.8,40.7,90,parma,146299,2.665773518615985e-4
4/27/20,85.26000214,10,57.5,18.6,34,13,11,32.9,90,parma,146299,6.835316714399962e-5
4/28/20,85.26000214,22,69.5,16.2,21,11,12.8,30.5,90,parma,146299,1.5037696771679916e-4
4/29/20,85.26000214,13,70.5,16.1,21,9,9.2,29.7,90,parma,146299,8.885911728719951e-5
4/30/20,85.26000214,20,73.5,17,25,10,9.6,30.5,90,parma,146299,1.3670633428799925e-4
5/1/20,85.26000214,22,63.2,18.7,17,9,5.5,30.1,90,parma,146299,1.5037696771679916e-4
5/2/20,85.26000214,5,57.2,21.3,21,9,5.1,34.2,90,parma,146299,3.417658357199981e-5
5/3/20,85.26000214,23,54,20,30,10,3.7,35.8,90,parma,146299,1.5721228443119913e-4
5/4/20,64.09999847,3,53.5,17.5,30,12,9.6,42.7,60,parma,146299,2.0505950143199884e-5
5/5/20,64.09999847,14,56,18.3,25,12,10.6,32.9,60,parma,146299,9.569443400159947e-5
5/6/20,64.09999847,16,74,15.9,34,17,9.2,33.3,60,parma,146299,1.0936506743039939e-4
5/7/20,64.09999847,6,33.7,25.1,38,16,11,45.5,60,parma,146299,4.101190028639977e-5
5/8/20,64.09999847,19,45.5,23.7,42,16,12.8,50.6,60,parma,146299,1.2987101757359928e-4
5/9/20,64.09999847,13,43.7,20.5,25,12,10.1,49.6,60,parma,146299,8.885911728719951e-5
5/10/20,64.09999847,17,56.7,20.4,42,16,5.5,43.9,60,parma,146299,1.1620038414479935e-4
5/11/20,64.09999847,2,64,18.3,17,9,6,35.4,60,parma,146299,1.3670633428799924e-5
5/12/20,64.09999847,0,71.5,17.2,21,10,8.3,30.9,60,parma,146299,0
5/13/20,64.09999847,29,75,15,34,18,8.7,22,60,parma,146299,1.982241847175989e-4
5/14/20,64.09999847,7,69.5,19.3,57,30,11.5,32.5,60,parma,146299,4.784721700079973e-5
5/15/20,64.09999847,26,67.7,18.7,21,13,7.8,33.3,60,parma,146299,1.7771823457439902e-4
5/16/20,66.66999817,0,71,16.6,38,20,7.8,30.1,70,parma,146299,0
5/17/20,66.66999817,13,68.7,20,55,20,8.7,35.8,70,parma,146299,8.885911728719951e-5
5/18/20,64.73999786,10,65.5,21.6,53,23,12.8,36.2,60,parma,146299,6.835316714399962e-5
5/19/20,64.73999786,10,76.3,18.3,57,27,11,27.3,60,parma,146299,6.835316714399962e-5
5/20/20,64.73999786,23,65.2,19.3,42,16,12.4,41.1,60,parma,146299,1.5721228443119913e-4
5/21/20,64.73999786,9,53.7,21.1,42,16,15.1,41.9,60,parma,146299,6.151785042959965e-5
5/22/20,64.73999786,12,59,22.2,55,19,14.2,50.6,60,parma,146299,8.202380057279954e-5
5/23/20,64.73999786,18,61.2,23.4,46,17,8.7,41.9,60,parma,146299,1.230357008591993e-4
5/24/20,64.73999786,4,60.2,20.9,30,10,8.7,40.3,60,parma,146299,2.7341266857599848e-5
5/25/20,64.73999786,0,49.7,20.9,30,11,13.3,43.9,60,parma,146299,0
5/26/20,64.73999786,5,45,19.5,30,13,8.3,40.7,60,parma,146299,3.417658357199981e-5
5/27/20,64.73999786,21,43,20.9,30,12,11.5,41.1,60,parma,146299,1.435416510023992e-4
5/28/20,64.73999786,9,49.2,20.8,42,15,13.3,48,60,parma,146299,6.151785042959965e-5
5/29/20,64.73999786,1,72.7,16.8,30,10,11.5,39.4,60,parma,146299,6.835316714399962e-6
5/30/20,64.73999786,7,54.6,21.3,38,13,9.2,40.3,60,parma,146299,4.784721700079973e-5
5/31/20,64.73999786,4,62,20.4,46,13,10.6,41.1,60,parma,146299,2.7341266857599848e-5
6/1/20,64.73999786,4,45.7,24.4,38,16,9.6,42.7,60,parma,146299,2.7341266857599848e-5
6/2/20,60.90000153,5,54.7,26.1,38,13,7.8,44.7,60,parma,146299,3.417658357199981e-5
6/3/20,55.13000107,6,55,22,30,10,13.8,37.8,60,parma,146299,4.101190028639977e-5
6/4/20,55.13000107,7,82.7,17,30,12,12.4,34.2,60,parma,146299,4.784721700079973e-5
6/5/20,55.13000107,6,72.5,19.4,17,10,13.8,39,60,parma,146299,4.101190028639977e-5
6/6/20,55.13000107,7,64.2,21.9,21,13,6.9,35.8,60,parma,146299,4.784721700079973e-5
6/7/20,55.13000107,7,70.1,21.2,21,10,6.4,28.1,60,parma,146299,4.784721700079973e-5
6/8/20,55.13000107,5,83.5,18.3,38,14,6.9,22.8,60,parma,146299,3.417658357199981e-5
6/9/20,55.13000107,8,73.2,16.8,34,15,9.6,30.9,60,parma,146299,5.4682533715199696e-5
6/10/20,55.13000107,6,74.5,17.3,25,11,9.2,32.5,60,parma,146299,4.101190028639977e-5
6/11/20,58.97000122,9,81.7,16.9,34,13,10.6,33.3,60,parma,146299,6.151785042959965e-5
6/12/20,58.97000122,4,64.7,20.6,34,14,11,38.6,60,parma,146299,2.7341266857599848e-5
6/13/20,58.97000122,7,68.2,20,21,13,5.5,38.6,60,parma,146299,4.784721700079973e-5
6/14/20,58.97000122,3,77,21.3,17,10,9.2,36.6,60,parma,146299,2.0505950143199884e-5
6/15/20,62.81999969,2,75.5,20.9,46,18,8.7,32.5,60,parma,146299,1.3670633428799924e-5
6/16/20,62.81999969,2,70.7,21.9,46,13,8.7,34.2,60,parma,146299,1.3670633428799924e-5
6/17/20,62.81999969,4,82.7,20.9,38,12,8.7,29.7,60,parma,146299,2.7341266857599848e-5
6/18/20,62.81999969,5,61.4,20.8,30,11,10.1,33.3,60,parma,146299,3.417658357199981e-5
6/19/20,62.81999969,6,67.7,19.4,21,10,10.1,38.2,60,parma,146299,4.101190028639977e-5
6/20/20,62.81999969,0,58.5,22.9,25,10,16,43.5,60,parma,146299,0
6/21/20,62.81999969,3,53,24.4,25,10,11,45.9,60,parma,146299,2.0505950143199884e-5
6/22/20,62.81999969,2,47,25.4,25,12,12.8,47.2,60,parma,146299,1.3670633428799924e-5
6/23/20,62.81999969,5,47.6,26.2,38,17,14.7,58.4,60,parma,146299,3.417658357199981e-5
6/24/20,62.81999969,2,54.5,25.1,50,20,12.8,57.1,60,parma,146299,1.3670633428799924e-5
6/25/20,62.81999969,0,65.5,23.3,46,21,7.4,44.3,60,parma,146299,0
6/26/20,62.81999969,16,64,25.1,42,17,7.4,51.3,60,parma,146299,1.0936506743039939e-4
6/27/20,62.81999969,4,59.7,25.8,42,18,9.2,59.1,60,parma,146299,2.7341266857599848e-5
6/28/20,62.81999969,4,56,27,46,17,6.9,50,60,parma,146299,2.7341266857599848e-5
6/29/20,62.81999969,3,54.3,26.6,42,16,11.9,35.8,60,parma,146299,2.0505950143199884e-5
6/30/20,62.81999969,0,64,28.5,42,17,10.1,41.9,60,parma,146299,0
7/1/20,62.81999969,0,63,26.4,53,20,9.6,46.8,60,parma,146299,0
7/2/20,62.81999969,3,62.2,23.8,46,17,10.1,49.2,60,parma,146299,2.0505950143199884e-5
7/3/20,62.81999969,7,63.2,23.8,34,12,7.4,41.5,60,parma,146299,4.784721700079973e-5
7/4/20,62.81999969,2,72.5,23.9,30,11,12.8,39.8,60,parma,146299,1.3670633428799924e-5
7/5/20,55.13000107,12,58.1,24.4,38,13,17,47.6,60,parma,146299,8.202380057279954e-5
7/6/20,55.13000107,8,50.7,24,50,18,14.7,62.3,60,parma,146299,5.4682533715199696e-5
7/7/20,55.13000107,7,48,23.8,25,14,8.7,41.1,60,parma,146299,4.784721700079973e-5
7/8/20,NA,3,53.5,23.8,42,17,14.2,46.3,NA,parma,146299,2.0505950143199884e-5
7/9/20,NA,3,51,23.8,50,20,13.3,59.7,NA,parma,146299,2.0505950143199884e-5
7/10/20,NA,2,50.5,23.8,55,25,12.8,71.4,NA,parma,146299,1.3670633428799924e-5
7/11/20,NA,3,64.5,23.8,50,20,10.1,51.3,NA,parma,146299,2.0505950143199884e-5
7/12/20,NA,4,55.2,23.8,30,10,6,36.2,NA,parma,146299,2.7341266857599848e-5
7/13/20,NA,7,47.2,23.8,30,11,10.1,40.3,NA,parma,146299,4.784721700079973e-5
7/14/20,NA,1,57.5,18.8,NA,NA,NA,NA,NA,parma,146299,6.835316714399962e-6
7/15/20,NA,1,NA,NA,NA,NA,NA,NA,NA,parma,146299,6.835316714399962e-6
7/16/20,NA,0,NA,NA,NA,NA,NA,NA,NA,parma,146299,0
7/17/20,NA,3,NA,NA,NA,NA,NA,NA,NA,parma,146299,2.0505950143199884e-5
7/18/20,NA,6,NA,NA,NA,NA,NA,NA,NA,parma,146299,4.101190028639977e-5
7/19/20,NA,7,NA,NA,NA,NA,NA,NA,NA,parma,146299,4.784721700079973e-5
7/20/20,NA,0,NA,NA,NA,NA,NA,NA,NA,parma,146299,0
7/21/20,NA,4,NA,NA,NA,NA,NA,NA,NA,parma,146299,2.7341266857599848e-5
7/22/20,NA,0,NA,NA,NA,NA,NA,NA,NA,parma,146299,0
2/23/20,58.65000153,0,NA,NA,144,55,36.6,28.5,60,modena,158886,0
2/24/20,58.65000153,3,NA,NA,134,54,27.9,24.4,60,modena,158886,1.8881462180431253e-5
2/25/20,58.65000153,5,66.1,14,102,48,33.4,22.8,60,modena,158886,3.1469103634052084e-5
2/26/20,61.22000122,10,31.6,9.8,50,25,23.4,28.5,60,modena,158886,6.293820726810417e-5
2/27/20,61.22000122,0,25.5,8,17,9,27.5,27.3,60,modena,158886,0
2/28/20,61.22000122,4,18.2,9.4,42,19,37.5,28.9,60,modena,158886,2.517528290724167e-5
2/29/20,61.22000122,2,34.6,8.8,85,34,30.7,16.3,60,modena,158886,1.2587641453620834e-5
3/1/20,61.22000122,5,84.3,6.1,74,26,18.3,16.3,60,modena,158886,3.1469103634052084e-5
3/2/20,61.22000122,4,94,4.6,38,20,25.6,14.3,60,modena,158886,2.517528290724167e-5
3/3/20,61.22000122,8,83,6.8,21,10,26.6,13.9,60,modena,158886,5.035056581448334e-5
3/4/20,64.41999817,4,72,5.9,30,18,24.3,21.2,60,modena,158886,2.517528290724167e-5
3/5/20,64.41999817,28,69.3,6.6,57,20,26.1,17.5,60,modena,158886,1.762269803506917e-4
3/6/20,64.41999817,9,83.7,7.2,57,17,27.5,23.6,60,modena,158886,5.664438654129376e-5
3/7/20,64.41999817,15,78.6,7.4,72,24,25.2,23.6,60,modena,158886,9.440731090215627e-5
3/8/20,64.41999817,19,53.3,8.3,57,17,25.2,30.9,60,modena,158886,1.1958259380939793e-4
3/9/20,64.41999817,11,61.2,7.1,72,24,21.5,21.6,60,modena,158886,6.923202799491459e-5
3/10/20,69.87000275,36,57,10.3,72,25,38.9,21.6,70,modena,158886,2.2657754616517504e-4
3/11/20,71.79000092,27,49.2,11.9,61,26,29.3,28.5,70,modena,158886,1.6993315962388127e-4
3/12/20,71.79000092,61,77.1,11.3,109,43,25.6,30.5,70,modena,158886,3.8392306433543546e-4
3/13/20,71.79000092,55,79,13.1,91,38,23.4,29.3,70,modena,158886,3.46160139974573e-4
3/14/20,71.79000092,61,80.3,10.8,70,28,9.6,19.1,70,modena,158886,3.8392306433543546e-4
3/15/20,71.79000092,73,53.4,8.3,42,14,10.6,30.5,70,modena,158886,4.594489130571605e-4
3/16/20,71.79000092,20,41.5,9.5,55,23,25.6,33.8,70,modena,158886,1.2587641453620834e-4
3/17/20,77.55999756,115,43.4,12.2,68,33,33.9,33.8,80,modena,158886,7.23789383583198e-4
3/18/20,77.55999756,88,47,14.7,74,41,32,38.2,80,modena,158886,5.538562239593167e-4
3/19/20,77.55999756,104,48.7,14.7,76,32,29.8,39.4,80,modena,158886,6.545573555882834e-4
3/20/20,82.05000305,139,56,13.3,93,41,20.6,33.3,80,modena,158886,8.748410810266481e-4
3/21/20,82.05000305,104,56,12.2,61,26,13.3,38.6,80,modena,158886,6.545573555882834e-4
3/22/20,82.05000305,145,75.7,9.3,55,18,4.6,27.3,80,modena,158886,9.126040053875106e-4
3/23/20,82.05000305,199,35.1,5,38,14,15.1,28.9,80,modena,158886,0.0012524703246352732
3/24/20,82.05000305,179,39,5.6,46,15,18.8,31.7,80,modena,158886,0.0011265939100990646
3/25/20,82.05000305,143,49.6,4.1,53,20,11,26.9,80,modena,158886,9.000163639338897e-4
3/26/20,82.05000305,96,91,1.3,46,14,10.6,24.8,80,modena,158886,6.042067897738001e-4
3/27/20,83.97000122,150,86.6,5.1,63,30,7.8,17.9,80,modena,158886,9.440731090215626e-4
3/28/20,83.97000122,172,57.7,10.9,76,68,15.1,34.2,80,modena,158886,0.0010825371650113919
3/29/20,83.97000122,43,55.6,12.7,61,55,5.5,36.2,80,modena,158886,2.7063429125284797e-4
3/30/20,83.97000122,85,69.5,11.1,55,45,12.4,30.5,80,modena,158886,5.349747617788855e-4
3/31/20,83.97000122,75,49.2,5.1,30,10,10.6,30.1,80,modena,158886,4.720365545107813e-4
4/1/20,83.97000122,119,42.6,5,55,17,16,32.9,80,modena,158886,7.489646664904397e-4
4/2/20,83.97000122,82,44.5,6.9,63,21,13.8,37.8,80,modena,158886,5.160932995984542e-4
4/3/20,83.97000122,53,44.2,10,72,24,16.5,42.3,80,modena,158886,3.3357249852095214e-4
4/4/20,83.97000122,58,38,12.7,72,26,11.9,44.3,80,modena,158886,3.650416021550042e-4
4/5/20,83.97000122,82,39.5,12,61,20,12.4,39,80,modena,158886,5.160932995984542e-4
4/6/20,83.97000122,67,40,13.8,68,27,18.3,43.5,80,modena,158886,4.21685988696298e-4
4/7/20,83.97000122,53,39.2,13.7,68,27,16.5,43.5,80,modena,158886,3.3357249852095214e-4
4/8/20,83.97000122,56,28,13.9,53,19,16.5,42.3,80,modena,158886,3.524539607013834e-4
4/9/20,83.97000122,63,27,15.1,57,16,15.1,43.1,80,modena,158886,3.965107057890563e-4
4/10/20,81.41000366,81,28.3,16.7,57,20,18.3,49.6,80,modena,158886,5.097994788716439e-4
4/11/20,81.41000366,76,25.7,18,57,16,10.6,51.9,80,modena,158886,4.783303752375917e-4
4/12/20,85.26000214,45,26.5,18.6,42,12,5.5,45.5,90,modena,158886,2.832219327064688e-4
4/13/20,85.26000214,48,26,16.8,42,14,6.4,45.9,90,modena,158886,3.0210339488690005e-4
4/14/20,85.26000214,37,51.2,13.8,42,20,14.2,38.6,90,modena,158886,2.3287136689198546e-4
4/15/20,85.26000214,45,43.2,10.6,38,16,8.7,34.6,90,modena,158886,2.832219327064688e-4
4/16/20,85.26000214,39,55,13.8,53,20,21.1,41.1,90,modena,158886,2.454590083456063e-4
4/17/20,85.26000214,39,38.5,17.2,59,25,16,40.7,90,modena,158886,2.454590083456063e-4
4/18/20,85.26000214,50,51.4,17.6,38,21,14.7,42.3,90,modena,158886,3.146910363405209e-4
4/19/20,85.26000214,21,62.3,16.5,38,19,7.4,37,90,modena,158886,1.3217023526301876e-4
4/20/20,85.26000214,38,96,12.6,50,13,5.5,22.4,90,modena,158886,2.3916518761879586e-4
4/21/20,85.26000214,23,94,10.5,21,16,15.1,20.4,90,modena,158886,1.447578767166396e-4
4/22/20,85.26000214,18,50.2,13.5,50,19,16.5,35.4,90,modena,158886,1.1328877308258752e-4
4/23/20,85.26000214,29,47.6,14.8,57,20,15.1,40.7,90,modena,158886,1.825208010775021e-4
4/24/20,85.26000214,19,34.4,17.2,55,16,16.5,46.8,90,modena,158886,1.1958259380939793e-4
4/25/20,85.26000214,24,34.8,18,38,10,7.4,44.3,90,modena,158886,1.5105169744345003e-4
4/26/20,85.26000214,16,43,17.9,34,14,7.8,42.3,90,modena,158886,1.0070113162896668e-4
4/27/20,85.26000214,31,52.2,18.3,34,12,14.2,39.4,90,modena,158886,1.9510844253112296e-4
4/28/20,85.26000214,21,71.5,14.9,21,10,14.2,28.1,90,modena,158886,1.3217023526301876e-4
4/29/20,85.26000214,27,76.5,15.5,13,10,8.7,30.5,90,modena,158886,1.6993315962388127e-4
4/30/20,85.26000214,21,50.6,16.9,13,9,8.7,29.3,90,modena,158886,1.3217023526301876e-4
5/1/20,85.26000214,26,56.3,16.6,13,10,7.4,29.7,90,modena,158886,1.6363933889707084e-4
5/2/20,85.26000214,33,56.5,19.4,17,10,7.4,35.8,90,modena,158886,2.0769608398474377e-4
5/3/20,85.26000214,10,49,17.5,30,11,5.1,33.8,90,modena,158886,6.293820726810417e-5
5/4/20,64.09999847,11,50.4,17.2,30,12,11.9,39.4,60,modena,158886,6.923202799491459e-5
5/5/20,64.09999847,8,51.5,19,38,15,14.7,35.4,60,modena,158886,5.035056581448334e-5
5/6/20,64.09999847,6,73,16.1,50,17,10.1,29.3,60,modena,158886,3.7762924360862507e-5
5/7/20,64.09999847,7,45.3,18,34,14,12.8,42.3,60,modena,158886,4.405674508767292e-5
5/8/20,64.09999847,13,43.2,19.8,50,19,13.8,47.2,60,modena,158886,8.181966944853542e-5
5/9/20,64.09999847,8,31,20.6,42,13,11,50,60,modena,158886,5.035056581448334e-5
5/10/20,64.09999847,23,47.6,19.8,21,13,6.4,43.1,60,modena,158886,1.447578767166396e-4
5/11/20,64.09999847,7,53.6,18.1,13,6,10.6,30.9,60,modena,158886,4.405674508767292e-5
5/12/20,64.09999847,7,71.5,17.3,21,10,10.1,30.9,60,modena,158886,4.405674508767292e-5
5/13/20,64.09999847,2,87,13.8,38,20,8.7,22,60,modena,158886,1.2587641453620834e-5
5/14/20,64.09999847,10,77,19,53,27,10.1,30.5,60,modena,158886,6.293820726810417e-5
5/15/20,64.09999847,8,57,20,25,14,9.6,32.9,60,modena,158886,5.035056581448334e-5
5/16/20,66.66999817,14,69.7,16.8,38,16,14.7,26.4,70,modena,158886,8.811349017534584e-5
5/17/20,66.66999817,5,70,19.6,53,20,10.1,37,70,modena,158886,3.1469103634052084e-5
5/18/20,64.73999786,3,73,19.8,53,21,13.3,34.6,60,modena,158886,1.8881462180431253e-5
5/19/20,64.73999786,1,86,17,53,21,14.2,22,60,modena,158886,6.293820726810417e-6
5/20/20,64.73999786,4,70.2,18.8,34,14,10.6,34.6,60,modena,158886,2.517528290724167e-5
5/21/20,64.73999786,11,50.2,21.2,38,15,16,40.3,60,modena,158886,6.923202799491459e-5
5/22/20,64.73999786,0,51.4,22.2,50,18,16.5,50,60,modena,158886,0
5/23/20,64.73999786,1,45.6,23.3,46,19,10.1,47.2,60,modena,158886,6.293820726810417e-6
5/24/20,64.73999786,1,57.1,20.1,34,12,6,39.8,60,modena,158886,6.293820726810417e-6
5/25/20,64.73999786,2,38.2,20.4,34,11,17,41.9,60,modena,158886,1.2587641453620834e-5
5/26/20,64.73999786,1,38,19.1,30,12,15.1,33.8,60,modena,158886,6.293820726810417e-6
5/27/20,64.73999786,8,31.6,19.5,34,11,15.6,38.6,60,modena,158886,5.035056581448334e-5
5/28/20,64.73999786,1,39.7,20.3,34,16,14.7,51.3,60,modena,158886,6.293820726810417e-6
5/29/20,64.73999786,2,71.1,14.6,17,7,17.9,37.4,60,modena,158886,1.2587641453620834e-5
5/30/20,64.73999786,5,49.5,17.8,25,10,14.2,41.9,60,modena,158886,3.1469103634052084e-5
5/31/20,64.73999786,1,58.6,18.1,25,10,9.2,40.7,60,modena,158886,6.293820726810417e-6
6/1/20,64.73999786,1,45.4,21.2,25,10,10.6,41.1,60,modena,158886,6.293820726810417e-6
6/2/20,60.90000153,4,46.4,20,21,10,10.1,50.6,60,modena,158886,2.517528290724167e-5
6/3/20,55.13000107,0,44.3,21.4,13,7,13.3,43.1,60,modena,158886,0
6/4/20,55.13000107,2,87.5,16.5,21,11,20.6,30.1,60,modena,158886,1.2587641453620834e-5
6/5/20,55.13000107,2,69,19,17,10,13.8,39,60,modena,158886,1.2587641453620834e-5
6/6/20,55.13000107,1,53.2,21.6,17,12,14.7,39.8,60,modena,158886,6.293820726810417e-6
6/7/20,55.13000107,0,60.6,21.6,17,11,8.7,29.7,60,modena,158886,0
6/8/20,55.13000107,0,87.4,16.6,46,20,10.6,30.1,60,modena,158886,0
6/9/20,55.13000107,1,83.7,16.1,34,13,16,35.4,60,modena,158886,6.293820726810417e-6
6/10/20,55.13000107,1,76.5,15.1,25,11,13.3,38.6,60,modena,158886,6.293820726810417e-6
6/11/20,58.97000122,1,83.3,15.6,42,15,17.4,34.2,60,modena,158886,6.293820726810417e-6
6/12/20,58.97000122,2,59.5,20.6,34,14,19.7,40.3,60,modena,158886,1.2587641453620834e-5
6/13/20,58.97000122,0,70.5,19.8,25,11,13.8,42.3,60,modena,158886,0
6/14/20,58.97000122,1,66.8,20,17,8,15.1,37,60,modena,158886,6.293820726810417e-6
6/15/20,62.81999969,2,70.3,18.8,25,14,15.1,29.3,60,modena,158886,1.2587641453620834e-5
6/16/20,62.81999969,1,71.4,21.3,25,13,12.4,31.3,60,modena,158886,6.293820726810417e-6
6/17/20,62.81999969,2,76,19.3,30,12,14.2,32.5,60,modena,158886,1.2587641453620834e-5
6/18/20,62.81999969,1,50.2,20.9,25,10,13.8,33.8,60,modena,158886,6.293820726810417e-6
6/19/20,62.81999969,2,50,18.8,30,10,13.3,39.8,60,modena,158886,1.2587641453620834e-5
6/20/20,62.81999969,2,49.3,22.4,30,10,15.1,45.9,60,modena,158886,1.2587641453620834e-5
6/21/20,62.81999969,0,46.2,23.8,34,12,16,46.8,60,modena,158886,0
6/22/20,62.81999969,1,40.2,25.5,34,14,20.6,49.6,60,modena,158886,6.293820726810417e-6
6/23/20,62.81999969,0,40,26.6,34,14,17,59.1,60,modena,158886,0
6/24/20,62.81999969,1,49,24.7,50,20,12.8,59.1,60,modena,158886,6.293820726810417e-6
6/25/20,62.81999969,0,66.5,23.1,42,20,9.6,48.8,60,modena,158886,0
6/26/20,62.81999969,42,61.5,24.5,38,20,9.6,50,60,modena,158886,2.643404705260375e-4
6/27/20,62.81999969,0,46.5,26.9,46,19,15.1,64.3,60,modena,158886,0
6/28/20,62.81999969,3,48.5,27.2,42,16,12.4,58.4,60,modena,158886,1.8881462180431253e-5
6/29/20,62.81999969,0,44.5,27.3,30,16,13.8,39.4,60,modena,158886,0
6/30/20,62.81999969,4,54,26.4,42,19,13.3,47.6,60,modena,158886,2.517528290724167e-5
7/1/20,62.81999969,1,51,24.6,46,19,11.5,51.9,60,modena,158886,6.293820726810417e-6
7/2/20,62.81999969,2,65.6,26.4,46,16,15.6,49.6,60,modena,158886,1.2587641453620834e-5
7/3/20,62.81999969,3,77.1,23.7,42,14,9.2,37.4,60,modena,158886,1.8881462180431253e-5
7/4/20,62.81999969,7,63.2,24,38,12,16.5,41.5,60,modena,158886,4.405674508767292e-5
7/5/20,55.13000107,5,57.6,25.5,34,13,16,45.9,60,modena,158886,3.1469103634052084e-5
7/6/20,55.13000107,3,54.4,26.8,46,18,14.7,55.8,60,modena,158886,1.8881462180431253e-5
7/7/20,55.13000107,3,59,22.2,25,14,14.7,36.2,60,modena,158886,1.8881462180431253e-5
7/8/20,NA,1,51.5,22.7,30,15,11.9,46.3,NA,modena,158886,6.293820726810417e-6
7/9/20,NA,9,52,25.5,50,19,14.2,70.1,NA,modena,158886,5.664438654129376e-5
7/10/20,NA,4,53.8,27.1,53,22,16.5,72.1,NA,modena,158886,2.517528290724167e-5
7/11/20,NA,20,62.5,24,50,20,17.9,57.8,NA,modena,158886,1.2587641453620834e-4
7/12/20,NA,2,70.5,21.1,21,10,8.7,37.4,NA,modena,158886,1.2587641453620834e-5
7/13/20,NA,3,52,21.5,30,10,12.4,39.4,NA,modena,158886,1.8881462180431253e-5
7/14/20,NA,1,58,16.8,NA,NA,NA,NA,NA,modena,158886,6.293820726810417e-6
7/15/20,NA,13,NA,NA,NA,NA,NA,NA,NA,modena,158886,8.181966944853542e-5
7/16/20,NA,4,NA,NA,NA,NA,NA,NA,NA,modena,158886,2.517528290724167e-5
7/17/20,NA,6,NA,NA,NA,NA,NA,NA,NA,modena,158886,3.7762924360862507e-5
7/18/20,NA,8,NA,NA,NA,NA,NA,NA,NA,modena,158886,5.035056581448334e-5
7/19/20,NA,7,NA,NA,NA,NA,NA,NA,NA,modena,158886,4.405674508767292e-5
7/20/20,NA,3,NA,NA,NA,NA,NA,NA,NA,modena,158886,1.8881462180431253e-5
7/21/20,NA,13,NA,NA,NA,NA,NA,NA,NA,modena,158886,8.181966944853542e-5
7/22/20,NA,0,NA,NA,NA,NA,NA,NA,NA,modena,158886,0
2/23/20,58.65000153,0,NA,NA,53,21,22.9,NA,60,florence,349296,0
2/24/20,58.65000153,1,NA,NA,55,24,31.6,NA,60,florence,349296,2.862901378773304e-6
2/25/20,58.65000153,1,71.8,13.7,57,21,24.7,NA,60,florence,349296,2.862901378773304e-6
2/26/20,61.22000122,0,73.2,11.6,34,19,18.3,NA,60,florence,349296,0
2/27/20,61.22000122,6,86.4,6.6,25,11,27,NA,60,florence,349296,1.7177408272639825e-5
2/28/20,61.22000122,0,47,8.5,42,14,35.2,NA,60,florence,349296,0
2/29/20,61.22000122,0,69.8,7.8,61,23,33.9,NA,60,florence,349296,0
3/1/20,61.22000122,0,79.6,11.5,30,18,10.6,NA,60,florence,349296,0
3/2/20,61.22000122,3,80.8,11.9,NA,NA,NA,NA,60,florence,349296,8.588704136319913e-6
3/3/20,61.22000122,5,NA,NA,21,17,23.8,NA,60,florence,349296,1.431450689386652e-5
3/4/20,64.41999817,8,62.7,8.4,30,11,25.6,NA,60,florence,349296,2.2903211030186433e-5
3/5/20,64.41999817,3,89.2,7.6,42,12,30.2,NA,60,florence,349296,8.588704136319913e-6
3/6/20,64.41999817,4,83.6,10.5,25,12,29.8,NA,60,florence,349296,1.1451605515093216e-5
3/7/20,64.41999817,12,71.4,9.4,25,9,20.2,NA,60,florence,349296,3.435481654527965e-5
3/8/20,64.41999817,12,66,9.5,50,14,23.4,NA,60,florence,349296,3.435481654527965e-5
3/9/20,64.41999817,10,80,9.1,53,17,27,NA,60,florence,349296,2.862901378773304e-5
3/10/20,69.87000275,10,68.8,9,50,16,33.9,NA,70,florence,349296,2.862901378773304e-5
3/11/20,71.79000092,15,79.6,9.3,57,20,33.9,NA,70,florence,349296,4.294352068159956e-5
3/12/20,71.79000092,15,93.8,10.6,78,31,26.1,NA,70,florence,349296,4.294352068159956e-5
3/13/20,71.79000092,31,85.6,11.6,53,19,20.6,NA,70,florence,349296,8.874994274197242e-5
3/14/20,71.79000092,30,81.2,12.5,53,15,9.2,NA,70,florence,349296,8.588704136319912e-5
3/15/20,71.79000092,24,59.8,11.2,25,8,3.7,NA,70,florence,349296,6.87096330905593e-5
3/16/20,71.79000092,28,54.9,10.9,34,11,22,NA,70,florence,349296,8.016123860565251e-5
3/17/20,77.55999756,81,78.6,10.6,57,19,23.4,NA,80,florence,349296,2.3189501168063763e-4
3/18/20,77.55999756,54,68.6,13.7,59,19,13.8,NA,80,florence,349296,1.5459667445375842e-4
3/19/20,77.55999756,52,72.6,12.4,57,19,17,NA,80,florence,349296,1.488708716962118e-4
3/20/20,82.05000305,50,77.2,13.3,65,23,18.8,NA,80,florence,349296,1.431450689386652e-4
3/21/20,82.05000305,63,86.9,11.3,65,21,16.5,NA,80,florence,349296,1.8036278686271815e-4
3/22/20,82.05000305,34,67.7,12.6,53,16,8.3,NA,80,florence,349296,9.733864687829234e-5
3/23/20,82.05000305,74,39.5,6.9,25,10,7.8,NA,80,florence,349296,2.118547020292245e-4
3/24/20,82.05000305,87,50.6,5.3,38,10,17.4,NA,80,florence,349296,2.490724199532774e-4
3/25/20,82.05000305,55,78,4.5,34,10,3.7,NA,80,florence,349296,1.5745957583253173e-4
3/26/20,82.05000305,0,68.6,6.6,30,10,2.8,NA,80,florence,349296,0
3/27/20,83.97000122,91,75.9,10.2,46,22,3.7,NA,80,florence,349296,2.6052402546837067e-4
3/28/20,83.97000122,102,70.7,11.8,97,NA,19.2,NA,80,florence,349296,2.92015940634877e-4
3/29/20,83.97000122,65,83.8,11.1,57,NA,10.1,NA,80,florence,349296,1.8608858962026477e-4
3/30/20,83.97000122,65,89.7,11.7,53,25,15.1,NA,80,florence,349296,1.8608858962026477e-4
3/31/20,83.97000122,71,65.8,9.6,21,7,5.1,NA,80,florence,349296,2.032659978929046e-4
4/1/20,83.97000122,261,41.5,7.7,42,12,5.1,NA,80,florence,349296,7.472172598598323e-4
4/2/20,83.97000122,124,51.5,8.1,42,12,16,NA,80,florence,349296,3.549997709678897e-4
4/3/20,83.97000122,83,62.7,9.3,50,13,17.9,NA,80,florence,349296,2.3762081443818423e-4
4/4/20,83.97000122,89,48.6,14.4,53,16,26.1,NA,80,florence,349296,2.5479822271082405e-4
4/5/20,83.97000122,54,46.9,14.7,50,15,7.8,NA,80,florence,349296,1.5459667445375842e-4
4/6/20,83.97000122,36,46.9,16.3,63,22,6.4,NA,80,florence,349296,1.0306444963583894e-4
4/7/20,83.97000122,66,56.6,16.5,61,21,14.2,NA,80,florence,349296,1.8895149099903806e-4
4/8/20,83.97000122,90,33.9,16.7,53,17,12.4,NA,80,florence,349296,2.576611240895974e-4
4/9/20,83.97000122,108,44.6,13.2,55,17,17.9,NA,80,florence,349296,3.0919334890751684e-4
4/10/20,81.41000366,85,48.8,14.5,NA,19,NA,NA,80,florence,349296,2.4334661719573085e-4
4/11/20,81.41000366,105,57.6,13.3,NA,17,NA,NA,80,florence,349296,3.0060464477119693e-4
4/12/20,85.26000214,10,64,14.6,50,14,9.2,NA,90,florence,349296,2.862901378773304e-5
4/13/20,85.26000214,42,65.9,13,53,15,10.1,NA,90,florence,349296,1.2024185790847877e-4
4/14/20,85.26000214,61,81.8,12.8,42,12,6.4,NA,90,florence,349296,1.7463698410517155e-4
4/15/20,85.26000214,71,48.7,12.7,25,9,3.7,NA,90,florence,349296,2.032659978929046e-4
4/16/20,85.26000214,51,63.7,9.4,38,12,14.2,NA,90,florence,349296,1.460079703174385e-4
4/17/20,85.26000214,69,73.6,14.5,42,17,12.4,NA,90,florence,349296,1.9754019513535797e-4
4/18/20,85.26000214,46,92.7,15.5,50,20,7.4,NA,90,florence,349296,1.3169346342357198e-4
4/19/20,85.26000214,44,93.9,16.8,55,22,4.6,NA,90,florence,349296,1.2596766066602538e-4
4/20/20,85.26000214,51,98.7,16.2,30,10,5.1,NA,90,florence,349296,1.460079703174385e-4
4/21/20,85.26000214,56,88.9,13.5,34,10,2.3,NA,90,florence,349296,1.6032247721130502e-4
4/22/20,85.26000214,35,65.9,15.4,46,14,4.2,NA,90,florence,349296,1.0020154825706564e-4
4/23/20,85.26000214,54,56.9,16.5,55,18,6,NA,90,florence,349296,1.5459667445375842e-4
4/24/20,85.26000214,75,71.6,13.6,59,19,16,NA,90,florence,349296,2.1471760340799781e-4
4/25/20,85.26000214,79,71.8,15.6,46,12,5.5,NA,90,florence,349296,2.26169208923091e-4
4/26/20,85.26000214,8,75.5,15.2,30,10,5.1,NA,90,florence,349296,2.2903211030186433e-5
4/27/20,85.26000214,28,82.7,16.9,34,10,7.8,NA,90,florence,349296,8.016123860565251e-5
4/28/20,85.26000214,40,96.8,15.4,25,10,5.1,NA,90,florence,349296,1.1451605515093216e-4
4/29/20,85.26000214,41,91.4,16,21,12,4.6,NA,90,florence,349296,1.1737895652970546e-4
4/30/20,85.26000214,36,84.6,17,25,13,5.1,NA,90,florence,349296,1.0306444963583894e-4
5/1/20,85.26000214,37,89.8,16.9,21,11,3.2,NA,90,florence,349296,1.0592735101461225e-4
5/2/20,85.26000214,17,91.4,17,25,15,3.7,NA,90,florence,349296,4.866932343914617e-5
5/3/20,85.26000214,14,63.8,19.5,17,8,4.2,NA,90,florence,349296,4.0080619302826255e-5
5/4/20,64.09999847,18,57.6,18,21,8,12.8,NA,60,florence,349296,5.153222481791947e-5
5/5/20,64.09999847,15,81.7,17.9,25,12,11.9,NA,60,florence,349296,4.294352068159956e-5
5/6/20,64.09999847,18,72.9,19.2,25,9,5.5,NA,60,florence,349296,5.153222481791947e-5
5/7/20,64.09999847,21,49.6,19.7,25,10,11.9,NA,60,florence,349296,6.0120928954239386e-05
5/8/20,64.09999847,9,65.6,18.7,34,13,14.2,NA,60,florence,349296,2.5766112408959735e-5
5/9/20,64.09999847,11,73.6,18.5,30,12,7.8,NA,60,florence,349296,3.1491915166506345e-5
5/10/20,64.09999847,6,70.7,20.6,34,13,7.4,NA,60,florence,349296,1.7177408272639825e-5
5/11/20,64.09999847,11,88,17.5,25,11,11,NA,60,florence,349296,3.1491915166506345e-5
5/12/20,64.09999847,7,88,18,13,10,6.4,NA,60,florence,349296,2.0040309651413127e-5
5/13/20,64.09999847,13,74.5,20,34,16,10.1,NA,60,florence,349296,3.721771792405295e-5
5/14/20,64.09999847,18,85.7,20.9,50,33,6.9,NA,60,florence,349296,5.153222481791947e-5
5/15/20,64.09999847,14,79.5,19.5,25,15,6,NA,60,florence,349296,4.0080619302826255e-5
5/16/20,66.66999817,18,86.6,19,25,12,9.2,NA,70,florence,349296,5.153222481791947e-5
5/17/20,66.66999817,3,77.5,22.2,38,17,6,NA,70,florence,349296,8.588704136319913e-6
5/18/20,64.73999786,5,79.4,21.4,46,20,11.5,NA,60,florence,349296,1.431450689386652e-5
5/19/20,64.73999786,2,79.8,21.9,57,23,15.1,NA,60,florence,349296,5.725802757546608e-6
5/20/20,64.73999786,7,82.5,19.9,38,12,4.2,NA,60,florence,349296,2.0040309651413127e-5
5/21/20,64.73999786,16,57.5,22.3,34,10,17.4,NA,60,florence,349296,4.5806422060372865e-5
5/22/20,64.73999786,9,64.7,22.2,38,12,9.2,NA,60,florence,349296,2.5766112408959735e-5
5/23/20,64.73999786,6,68.6,20.4,34,12,7.8,NA,60,florence,349296,1.7177408272639825e-5
5/24/20,64.73999786,0,77.8,21.9,30,9,4.6,NA,60,florence,349296,0
5/25/20,64.73999786,1,58.6,22.1,21,8,13.8,NA,60,florence,349296,2.862901378773304e-6
5/26/20,64.73999786,4,55.7,21.2,17,7,9.2,NA,60,florence,349296,1.1451605515093216e-5
5/27/20,64.73999786,1,49.8,20,17,6,11.9,NA,60,florence,349296,2.862901378773304e-6
5/28/20,64.73999786,1,61.7,19.3,21,10,12.4,NA,60,florence,349296,2.862901378773304e-6
5/29/20,64.73999786,6,70.6,16.5,13,5,6.9,NA,60,florence,349296,1.7177408272639825e-5
5/30/20,64.73999786,3,63.8,18.7,25,10,10.6,NA,60,florence,349296,8.588704136319913e-6
5/31/20,64.73999786,1,73,16.5,34,10,10.6,NA,60,florence,349296,2.862901378773304e-6
6/1/20,64.73999786,3,55.8,21.2,21,8,11.9,NA,60,florence,349296,8.588704136319913e-6
6/2/20,60.90000153,2,61.8,21.1,25,10,7.4,NA,60,florence,349296,5.725802757546608e-6
6/3/20,55.13000107,0,84.4,20.3,30,11,6.9,NA,60,florence,349296,0
6/4/20,55.13000107,5,91.5,20,25,11,11.5,NA,60,florence,349296,1.431450689386652e-5
6/5/20,55.13000107,4,90.5,20.1,30,15,8.7,NA,60,florence,349296,1.1451605515093216e-5
6/6/20,55.13000107,1,90.5,20.2,25,15,4.6,NA,60,florence,349296,2.862901378773304e-6
6/7/20,55.13000107,2,92.8,20.7,21,12,6.4,NA,60,florence,349296,5.725802757546608e-6
6/8/20,55.13000107,1,90.6,19,21,13,5.5,NA,60,florence,349296,2.862901378773304e-6
6/9/20,55.13000107,1,80.8,17.2,25,14,7.4,NA,60,florence,349296,2.862901378773304e-6
6/10/20,55.13000107,5,97.4,16.1,17,9,11.9,NA,60,florence,349296,1.431450689386652e-5
6/11/20,58.97000122,5,87.6,17.8,25,9,11.5,NA,60,florence,349296,1.431450689386652e-5
6/12/20,58.97000122,7,81.9,20.6,30,11,30.7,NA,60,florence,349296,2.0040309651413127e-5
6/13/20,58.97000122,6,92.7,18.3,NA,10,NA,NA,60,florence,349296,1.7177408272639825e-5
6/14/20,58.97000122,3,96.9,19.2,17,7,5.1,NA,60,florence,349296,8.588704136319913e-6
6/15/20,62.81999969,0,93.4,20.2,34,16,6.4,NA,60,florence,349296,0
6/16/20,62.81999969,0,98.8,19.3,30,12,14.2,NA,60,florence,349296,0
6/17/20,62.81999969,1,95.8,20.9,30,17,6,NA,60,florence,349296,2.862901378773304e-6
6/18/20,62.81999969,2,82.6,20.9,21,12,9.2,NA,60,florence,349296,5.725802757546608e-6
6/19/20,62.81999969,0,72.5,20.3,21,10,9.6,NA,60,florence,349296,0
6/20/20,62.81999969,1,74.6,22.2,25,10,7.8,NA,60,florence,349296,2.862901378773304e-6
6/21/20,62.81999969,0,83.9,21.3,38,10,13.8,NA,60,florence,349296,0
6/22/20,62.81999969,1,71.7,23.4,38,12,15.1,NA,60,florence,349296,2.862901378773304e-6
6/23/20,62.81999969,0,66.9,25.7,46,16,15.6,NA,60,florence,349296,0
6/24/20,62.81999969,0,65.8,24,50,15,16,NA,60,florence,349296,0
6/25/20,62.81999969,0,66.9,25.5,42,17,17.9,NA,60,florence,349296,0
6/26/20,62.81999969,2,66.9,25.3,46,16,13.8,NA,60,florence,349296,5.725802757546608e-6
6/27/20,62.81999969,0,58,25.5,42,13,13.3,NA,60,florence,349296,0
6/28/20,62.81999969,3,48.5,25,38,15,11.9,NA,60,florence,349296,8.588704136319913e-6
6/29/20,62.81999969,2,75.5,25.5,42,16,8.7,NA,60,florence,349296,5.725802757546608e-6
6/30/20,62.81999969,0,69.8,27.1,34,16,8.7,NA,60,florence,349296,0
7/1/20,62.81999969,0,70.9,25.6,42,18,13.8,NA,60,florence,349296,0
7/2/20,62.81999969,7,78.9,27,34,14,8.7,NA,60,florence,349296,2.0040309651413127e-5
7/3/20,62.81999969,1,82.9,27.2,38,14,8.7,NA,60,florence,349296,2.862901378773304e-6
7/4/20,62.81999969,6,69.7,26.6,30,10,6.4,NA,60,florence,349296,1.7177408272639825e-5
7/5/20,55.13000107,0,60.7,26.9,38,13,8.7,NA,60,florence,349296,0
7/6/20,55.13000107,7,70.7,26.7,38,16,14.2,NA,60,florence,349296,2.0040309651413127e-5
7/7/20,55.13000107,5,69.5,23.8,25,10,5.5,NA,60,florence,349296,1.431450689386652e-5
7/8/20,NA,0,52.9,24.8,21,9,14.2,NA,NA,florence,349296,0
7/9/20,NA,0,66.8,26,46,18,12.4,NA,NA,florence,349296,0
7/10/20,NA,3,66.9,26.2,46,17,10.1,NA,NA,florence,349296,8.588704136319913e-6
7/11/20,NA,1,71.8,26.1,46,17,8.7,NA,NA,florence,349296,2.862901378773304e-6
7/12/20,NA,0,73.7,25.9,21,8,8.3,NA,NA,florence,349296,0
7/13/20,NA,0,52.9,24.3,25,9,3.2,NA,NA,florence,349296,0
7/14/20,NA,1,58,22.4,NA,NA,NA,NA,NA,florence,349296,2.862901378773304e-6
7/15/20,NA,2,NA,NA,NA,NA,NA,NA,NA,florence,349296,5.725802757546608e-6
7/16/20,NA,1,NA,NA,NA,NA,NA,NA,NA,florence,349296,2.862901378773304e-6
7/17/20,NA,0,NA,NA,NA,NA,NA,NA,NA,florence,349296,0
7/18/20,NA,10,NA,NA,NA,NA,NA,NA,NA,florence,349296,2.862901378773304e-5
7/19/20,NA,0,NA,NA,NA,NA,NA,NA,NA,florence,349296,0
7/20/20,NA,3,NA,NA,NA,NA,NA,NA,NA,florence,349296,8.588704136319913e-6
7/21/20,NA,3,NA,NA,NA,NA,NA,NA,NA,florence,349296,8.588704136319913e-6
7/22/20,NA,0,NA,NA,NA,NA,NA,NA,NA,florence,349296,0
2/23/20,58.65000153,0,NA,NA,107,48,34.8,32.9,60,milan,1236837,0
2/24/20,58.65000153,8,NA,NA,104,49,30.7,28.9,60,milan,1236837,6.468111804546597e-6
2/25/20,58.65000153,0,79.3,11.8,119,55,35.2,20.8,60,milan,1236837,0
2/26/20,61.22000122,7,40,9.2,89,39,26.6,32.1,60,milan,1236837,5.659597828978272e-6
2/27/20,61.22000122,14,42,7,30,11,31.6,27.7,60,milan,1236837,1.1319195657956545e-5
2/28/20,61.22000122,1,24.9,9.7,42,13,39.8,35.4,60,milan,1236837,8.085139755683246e-7
2/29/20,61.22000122,16,47.5,7.9,70,28,33,20.8,60,milan,1236837,1.2936223609093194e-5
3/1/20,61.22000122,12,90.7,6.5,NA,NA,NA,NA,60,milan,1236837,9.702167706819897e-6
3/2/20,61.22000122,35,92,5,NA,NA,NA,NA,60,milan,1236837,2.8297989144891364e-5
3/3/20,61.22000122,52,NA,NA,68,20,32.5,15.9,60,milan,1236837,4.204272672955289e-5
3/4/20,64.41999817,52,68.5,8.3,72,24,41.2,30.1,60,milan,1236837,4.204272672955289e-5
3/5/20,64.41999817,70,77.5,6.8,65,22,31.6,24.8,60,milan,1236837,5.659597828978273e-5
3/6/20,64.41999817,94,84.5,5.4,74,27,32,22.4,60,milan,1236837,7.600031370342252e-5
3/7/20,64.41999817,45,65.2,9.8,80,29,36.2,34.2,60,milan,1236837,3.638312890057461e-5
3/8/20,64.41999817,100,52,9.5,57,18,37.1,35.8,60,milan,1236837,8.085139755683247e-5
3/9/20,64.41999817,86,67.5,8.6,76,28,34.8,32.1,60,milan,1236837,6.953220189887592e-5
3/10/20,69.87000275,333,61,8.6,72,31,39.4,30.1,70,milan,1236837,2.692351538642521e-4
3/11/20,71.79000092,221,64.4,13,50,23,34.8,34.6,70,milan,1236837,1.7868158860059974e-4
3/12/20,71.79000092,161,78.4,12.3,70,29,30.7,21.2,70,milan,1236837,1.3017075006650027e-4
3/13/20,71.79000092,244,77.2,14.4,38,14,23.4,33.8,70,milan,1236837,1.9727741003867122e-4
3/14/20,71.79000092,199,81,10.5,72,26,15.1,26.9,70,milan,1236837,1.608942811380966e-4
3/15/20,71.79000092,233,75.1,8.7,65,20,23.4,33.3,70,milan,1236837,1.8838375630741966e-4
3/16/20,71.79000092,343,60.5,10.1,70,24,26.1,35,70,milan,1236837,2.773202936199354e-4
3/17/20,77.55999756,318,64.8,10,97,39,33.4,37.8,80,milan,1236837,2.5710744423072725e-4
3/18/20,77.55999756,634,55.2,14.8,107,44,36.6,44.3,80,milan,1236837,5.125978605103179e-4
3/19/20,77.55999756,526,57.9,14.5,89,41,39.4,46.8,80,milan,1236837,4.252783511489388e-4
3/20/20,82.05000305,868,61.8,13.8,102,44,29.8,38.2,80,milan,1236837,7.017901307933059e-4
3/21/20,82.05000305,424,63.1,13.3,70,30,23.8,44.7,80,milan,1236837,3.4280992564096965e-4
3/22/20,82.05000305,230,63,11.5,68,25,8.3,32.5,80,milan,1236837,1.859582143807147e-4
3/23/20,82.05000305,375,50,5.8,42,17,16.5,29.7,80,milan,1236837,3.0319274083812173e-4
3/24/20,82.05000305,373,39.6,7.1,57,22,25.2,34.2,80,milan,1236837,3.015757128869851e-4
3/25/20,82.05000305,848,56,5.4,55,20,17.4,32.9,80,milan,1236837,6.856198512819393e-4
3/26/20,82.05000305,547,55,5.5,55,20,18.8,28.1,80,milan,1236837,4.422571446358736e-4
3/27/20,83.97000122,314,58,10.5,70,30,20.6,32.1,80,milan,1236837,2.53873388328454e-4
3/28/20,83.97000122,546,57.6,13.6,76,66,25.2,38.2,80,milan,1236837,4.414486306603053e-4
3/29/20,83.97000122,347,55.8,14.5,74,63,20.6,42.7,80,milan,1236837,2.8055434952220867e-4
3/30/20,83.97000122,235,74.1,12,57,25,17.4,37.8,80,milan,1236837,1.900007842585563e-4
3/31/20,83.97000122,611,68,6,34,10,12.8,30.5,80,milan,1236837,4.940020390722464e-4
4/1/20,83.97000122,482,50.1,6.7,61,20,22.4,35,80,milan,1236837,3.897037362239325e-4
4/2/20,83.97000122,387,49,9.2,85,30,29.3,39,80,milan,1236837,3.128949085449417e-4
4/3/20,83.97000122,428,49.5,10.7,102,38,36.6,47.2,80,milan,1236837,3.46043981543243e-4
4/4/20,83.97000122,411,51.5,13.1,102,42,28.8,51.9,80,milan,1236837,3.3229924395858146e-4
4/5/20,83.97000122,308,44,14.3,78,28,17,46.8,80,milan,1236837,2.4902230447504403e-4
4/6/20,83.97000122,249,44.1,15.6,74,27,32.5,51.9,80,milan,1236837,2.0131997991651286e-4
4/7/20,83.97000122,252,37,15.5,80,35,36.2,54.5,80,milan,1236837,2.0374552184321783e-4
4/8/20,83.97000122,440,42,14,72,30,31.6,52.6,80,milan,1236837,3.557461492500629e-4
4/9/20,83.97000122,269,33.5,17.5,70,27,31.1,55.2,80,milan,1236837,2.1749025942787933e-4
4/10/20,81.41000366,520,37,18,63,30,32,56.5,80,milan,1236837,4.2042726729552883e-4
4/11/20,81.41000366,412,34.3,18.1,59,22,28.4,56.5,80,milan,1236837,3.3310775793414976e-4
4/12/20,85.26000214,481,25.4,17.4,38,12,14.2,43.1,90,milan,1236837,3.888952222483642e-4
4/13/20,85.26000214,189,33,16.5,53,17,10.6,49.6,90,milan,1236837,1.5280914138241338e-4
4/14/20,85.26000214,325,61.5,14.4,53,20,13.3,41.9,90,milan,1236837,2.627670420597055e-4
4/15/20,85.26000214,277,49.2,11.5,34,17,13.3,41.1,90,milan,1236837,2.2395837123242594e-4
4/16/20,85.26000214,325,49.5,14,61,28,24.7,39.8,90,milan,1236837,2.627670420597055e-4
4/17/20,85.26000214,269,37,16.6,38,16,25.2,44.7,90,milan,1236837,2.1749025942787933e-4
4/18/20,85.26000214,279,59.9,16.4,38,22,17.4,46.8,90,milan,1236837,2.2557539918356258e-4
4/19/20,85.26000214,287,71.9,17,38,20,9.6,41.5,90,milan,1236837,2.320435109881092e-4
4/20/20,85.26000214,408,89.6,14.2,55,18,11.5,27.3,90,milan,1236837,3.298737020318765e-4
4/21/20,85.26000214,480,89.1,11.2,63,21,14.7,24.4,90,milan,1236837,3.880867082727958e-4
4/22/20,85.26000214,277,48.1,16.3,55,19,21.1,46.3,90,milan,1236837,2.2395837123242594e-4
4/23/20,85.26000214,412,47,16.8,70,26,25.2,50,90,milan,1236837,3.3310775793414976e-4
4/24/20,85.26000214,219,50.2,17.4,78,32,29.3,57.1,90,milan,1236837,1.770645606494631e-4
4/25/20,85.26000214,463,54.7,17.7,46,16,8.7,44.7,90,milan,1236837,3.7434197068813435e-4
4/26/20,85.26000214,188,59,17.1,30,11,5.5,45.9,90,milan,1236837,1.5200062740684505e-4
4/27/20,85.26000214,278,62.8,16.6,30,11,11,35,90,milan,1236837,2.2476688520799425e-4
4/28/20,85.26000214,284,71,16.5,34,13,16.5,30.9,90,milan,1236837,2.2961796906140422e-4
4/29/20,85.26000214,216,70.4,16.7,30,9,11.5,36.6,90,milan,1236837,1.7463901872275813e-4
4/30/20,85.26000214,364,76,15.5,42,13,14.7,32.9,90,milan,1236837,2.942990871068702e-4
5/1/20,85.26000214,249,81.1,15.5,38,11,6.9,32.9,90,milan,1236837,2.0131997991651286e-4
5/2/20,85.26000214,118,51.5,20,25,10,8.7,35.4,90,milan,1236837,9.540464911706232e-5
5/3/20,85.26000214,186,46.2,19.1,30,9,5.5,43.5,90,milan,1236837,1.5038359945570838e-4
5/4/20,64.09999847,144,41,19,34,12,21.1,46.3,60,milan,1236837,1.1642601248183875e-4
5/5/20,64.09999847,313,58.4,18,42,14,21.1,37.4,60,milan,1236837,2.530648743528856e-4
5/6/20,64.09999847,182,70,17.9,46,20,19.7,42.3,60,milan,1236837,1.471495435534351e-4
5/7/20,64.09999847,201,45,18.8,46,20,22,53.2,60,milan,1236837,1.6251130908923327e-4
5/8/20,64.09999847,178,42,20.6,50,22,22.4,57.8,60,milan,1236837,1.439154876511618e-4
5/9/20,64.09999847,104,39,20.5,21,15,12.4,53.2,60,milan,1236837,8.408545345910577e-5
5/10/20,64.09999847,114,58.2,19.5,53,17,10.6,49.2,60,milan,1236837,9.217059321478901e-5
5/11/20,64.09999847,136,92.3,14.9,34,10,12.4,32.9,60,milan,1236837,1.0995790067729215e-4
5/12/20,64.09999847,105,79.1,17.2,34,10,15.6,33.8,60,milan,1236837,8.48939674346741e-5
5/13/20,64.09999847,169,87,14.4,38,17,20.2,19.1,60,milan,1236837,1.3663886187104688e-4
5/14/20,64.09999847,66,79.5,18.8,57,25,17,38.6,60,milan,1236837,5.336192238750943e-5
5/15/20,64.09999847,75,85,16.3,21,9,16,37,60,milan,1236837,6.0638548167624354e-5
5/16/20,66.66999817,110,74.2,18.1,50,19,13.3,36.2,70,milan,1236837,8.893653731251572e-5
5/17/20,66.66999817,71,80.5,19,30,15,12.8,35.8,70,milan,1236837,5.7404492265351055e-5
5/18/20,64.73999786,102,65,22,53,21,13.8,39.8,60,milan,1236837,8.246842550796912e-5
5/19/20,64.73999786,48,77,19,38,18,21.1,30.9,60,milan,1236837,3.880867082727959e-5
5/20/20,64.73999786,83,64.2,21.7,55,20,18.3,47.6,60,milan,1236837,6.710665997217095e-5
5/21/20,64.73999786,73,52.7,22.8,53,19,17.9,48.4,60,milan,1236837,5.90215202164877e-5
5/22/20,64.73999786,88,56,23,61,28,20.2,52.6,60,milan,1236837,7.114922985001258e-5
5/23/20,64.73999786,64,58.8,21,42,18,9.6,48.8,60,milan,1236837,5.174489443637278e-5
5/24/20,64.73999786,46,89,16.8,34,10,14.7,42.7,60,milan,1236837,3.7191642876142935e-5
5/25/20,64.73999786,38,74.5,14.4,34,10,20.2,45.5,60,milan,1236837,3.072353107159634e-5
5/26/20,64.73999786,68,65.3,18.3,38,12,11.5,45.1,60,milan,1236837,5.4978950338646076e-5
5/27/20,64.73999786,76,74.3,12.7,38,11,17,45.5,60,milan,1236837,6.144706214319267e-5
5/28/20,64.73999786,74,79,12.7,53,12,26.6,52.6,60,milan,1236837,5.983003419205603e-5
5/29/20,64.73999786,62,82,12.7,34,10,9.2,43.5,60,milan,1236837,5.012786648523613e-5
5/30/20,64.73999786,32,89,12.7,53,16,15.6,53.2,60,milan,1236837,2.587244721818639e-5
5/31/20,64.73999786,18,61.8,18,42,11,12.8,43.5,60,milan,1236837,1.4553251560229844e-5
6/1/20,64.73999786,45,52.1,22,53,19,22,47.2,60,milan,1236837,3.638312890057461e-5
6/2/20,60.90000153,37,53,21.5,53,19,10.6,46.3,60,milan,1236837,2.9915017096028014e-5
6/3/20,55.13000107,31,70,19.3,42,14,21.1,43.9,60,milan,1236837,2.5063933242618065e-5
6/4/20,55.13000107,99,93,15.8,30,9,14.7,24.4,60,milan,1236837,8.004288358126415e-5
6/5/20,55.13000107,59,68,19.5,17,8,17.9,40.3,60,milan,1236837,4.770232455853116e-5
6/6/20,55.13000107,43,66,21.1,30,13,17,44.3,60,milan,1236837,3.476610094943796e-5
6/7/20,55.13000107,29,82.5,18.2,25,9,9.6,24.8,60,milan,1236837,2.3446905291481416e-5
6/8/20,55.13000107,46,90,15.5,21,7,17.9,27.7,60,milan,1236837,3.7191642876142935e-5
6/9/20,55.13000107,27,75.7,18.2,25,10,18.3,35,60,milan,1236837,2.1829877340344767e-5
6/10/20,55.13000107,71,76.5,17.5,34,10,20.2,30.5,60,milan,1236837,5.7404492265351055e-5
6/11/20,58.97000122,88,85.5,16,34,10,18.3,18.3,60,milan,1236837,7.114922985001258e-5
6/12/20,58.97000122,97,67.5,20,46,14,19.7,38.2,60,milan,1236837,7.84258556301275e-5
6/13/20,58.97000122,45,76.1,18.1,30,11,16,35.8,60,milan,1236837,3.638312890057461e-5
6/14/20,58.97000122,52,76.1,21,34,10,12.4,36.2,60,milan,1236837,4.204272672955289e-5
6/15/20,62.81999969,42,77.5,21.1,50,16,18.8,42.7,60,milan,1236837,3.3957586973869636e-5
6/16/20,62.81999969,61,71.9,21.9,42,11,19.2,39.8,60,milan,1236837,4.9319352509667805e-5
6/17/20,62.81999969,52,77.1,19.5,17,9,19.2,37.8,60,milan,1236837,4.204272672955289e-5
6/18/20,62.81999969,43,68.5,20.2,25,10,18.3,35,60,milan,1236837,3.476610094943796e-5
6/19/20,62.81999969,69,68.5,20.7,17,7,18.8,35.8,60,milan,1236837,5.57874643142144e-5
6/20/20,62.81999969,31,57,23,30,12,22.4,49.2,60,milan,1236837,2.5063933242618065e-5
6/21/20,62.81999969,23,34,25.6,9,6,14.2,37.4,60,milan,1236837,1.8595821438071468e-5
6/22/20,62.81999969,26,40.7,26.5,30,10,27.5,48,60,milan,1236837,2.1021363364776443e-5
6/23/20,62.81999969,29,43,27.8,34,12,31.1,53.9,60,milan,1236837,2.3446905291481416e-5
6/24/20,62.81999969,28,55.5,26.5,46,20,27.5,63,60,milan,1236837,2.263839131591309e-5
6/25/20,62.81999969,33,57.5,24.5,50,20,13.8,56.5,60,milan,1236837,2.6680961193754715e-5
6/26/20,62.81999969,4,66.2,24.5,50,17,14.2,51.9,60,milan,1236837,3.2340559022732986e-6
6/27/20,62.81999969,16,62.5,26.5,59,22,16.5,52.6,60,milan,1236837,1.2936223609093194e-5
6/28/20,62.81999969,36,59,26.5,50,18,11.5,46.3,60,milan,1236837,2.9106503120459688e-5
6/29/20,62.81999969,23,59.2,26.3,46,16,10.1,32.9,60,milan,1236837,1.8595821438071468e-5
6/30/20,62.81999969,21,66.9,25.8,57,20,15.6,49.2,60,milan,1236837,1.6978793486934818e-5
7/1/20,62.81999969,28,63.5,25,50,19,20.6,49.2,60,milan,1236837,2.263839131591309e-5
7/2/20,62.81999969,24,70.4,25,46,17,17.4,46.3,60,milan,1236837,1.9404335413639794e-5
7/3/20,62.81999969,19,67.8,22.2,30,10,17,53.2,60,milan,1236837,1.536176553579817e-5
7/4/20,62.81999969,16,61,24.5,30,10,17.9,43.5,60,milan,1236837,1.2936223609093194e-5
7/5/20,55.13000107,12,60,26.5,46,16,21.1,59.1,60,milan,1236837,9.702167706819897e-6
7/6/20,55.13000107,5,60.3,28,59,19,21.5,70.8,60,milan,1236837,4.042569877841624e-6
7/7/20,55.13000107,16,49,24,30,15,11.9,43.9,60,milan,1236837,1.2936223609093194e-5
7/8/20,NA,35,46.6,24.1,38,19,21.5,59.7,NA,milan,1236837,2.8297989144891364e-5
7/9/20,NA,17,56.7,25.9,57,24,24.3,74,NA,milan,1236837,1.3744737584661519e-5
7/10/20,NA,26,59.4,26.9,63,31,21.5,86.4,NA,milan,1236837,2.1021363364776443e-5
7/11/20,NA,6,70.2,24.1,42,17,16,50.6,NA,milan,1236837,4.8510838534099485e-6
7/12/20,NA,15,56.1,23.7,25,10,11,42.7,NA,milan,1236837,1.212770963352487e-5
7/13/20,NA,7,51.8,22.7,NA,NA,NA,NA,NA,milan,1236837,5.659597828978272e-6
7/14/20,NA,18,51.6,21.5,NA,NA,NA,NA,NA,milan,1236837,1.4553251560229844e-5
7/15/20,NA,20,NA,NA,NA,NA,NA,NA,NA,milan,1236837,1.6170279511366495e-5
7/16/20,NA,9,NA,NA,NA,NA,NA,NA,NA,milan,1236837,7.276625780114922e-6
7/17/20,NA,24,NA,NA,NA,NA,NA,NA,NA,milan,1236837,1.9404335413639794e-5
7/18/20,NA,8,NA,NA,NA,NA,NA,NA,NA,milan,1236837,6.468111804546597e-6
7/19/20,NA,11,NA,NA,NA,NA,NA,NA,NA,milan,1236837,8.893653731251572e-6
7/20/20,NA,9,NA,NA,NA,NA,NA,NA,NA,milan,1236837,7.276625780114922e-6
7/21/20,NA,19,NA,NA,NA,NA,NA,NA,NA,milan,1236837,1.536176553579817e-5
7/22/20,NA,0,NA,NA,NA,NA,NA,NA,NA,milan,1236837,0
2/23/20,58.65000153,0,NA,NA,155,NA,NA,NA,60,turin,870456,0
2/24/20,58.65000153,3,NA,NA,112,NA,NA,NA,60,turin,870456,3.4464694367090352e-6
2/25/20,58.65000153,0,81.7,10.3,139,NA,NA,NA,60,turin,870456,0
2/26/20,61.22000122,0,37.5,9.5,34,NA,NA,NA,60,turin,870456,0
2/27/20,61.22000122,9,42.7,5.5,25,NA,NA,NA,60,turin,870456,1.0339408310127105e-5
2/28/20,61.22000122,0,36,8.3,50,NA,NA,NA,60,turin,870456,0
2/29/20,61.22000122,38,51,6.5,70,NA,NA,NA,60,turin,870456,4.365527953164778e-5
3/1/20,61.22000122,0,68.5,7,NA,NA,NA,NA,60,turin,870456,0
3/2/20,61.22000122,1,81.7,3.7,NA,NA,NA,NA,60,turin,870456,1.1488231455696785e-6
3/3/20,61.22000122,4,NA,NA,25,NA,NA,NA,60,turin,870456,4.595292582278714e-6
3/4/20,64.41999817,8,39,9.8,46,NA,NA,NA,60,turin,870456,9.190585164557428e-6
3/5/20,64.41999817,15,69,6.1,65,NA,NA,NA,60,turin,870456,1.7232347183545175e-5
3/6/20,64.41999817,21,77.5,4,65,NA,NA,NA,60,turin,870456,2.4125286056963246e-5
3/7/20,64.41999817,34,42,9.4,63,NA,NA,NA,60,turin,870456,3.9059986949369066e-5
3/8/20,64.41999817,0,41.5,9.3,46,NA,NA,NA,60,turin,870456,0
3/9/20,64.41999817,24,67.2,8,76,NA,NA,NA,60,turin,870456,2.7571755493672282e-5
3/10/20,69.87000275,48,46.5,10.2,78,NA,NA,NA,70,turin,870456,5.5143510987344564e-5
3/11/20,71.79000092,28,57.7,12.8,65,NA,NA,NA,70,turin,870456,3.2167048075950995e-5
3/12/20,71.79000092,118,78,12.5,55,NA,NA,NA,70,turin,870456,1.3556113117722205e-4
3/13/20,71.79000092,0,71.7,12.6,55,NA,NA,NA,70,turin,870456,0
3/14/20,71.79000092,54,81,9.9,55,NA,NA,NA,70,turin,870456,6.203644986076263e-5
3/15/20,71.79000092,183,66.2,9.4,57,NA,NA,NA,70,turin,870456,2.1023463563925115e-4
3/16/20,71.79000092,207,60.9,10,68,NA,NA,NA,70,turin,870456,2.3780639113292343e-4
3/17/20,77.55999756,293,62,9.5,87,NA,NA,NA,80,turin,870456,3.3660518165191575e-4
3/18/20,77.55999756,0,49.2,15.2,95,NA,NA,NA,80,turin,870456,0
3/19/20,77.55999756,514,51.5,14.5,93,NA,NA,NA,80,turin,870456,5.904950968228148e-4
3/20/20,82.05000305,124,55.5,13,82,NA,NA,NA,80,turin,870456,1.4245407005064012e-4
3/21/20,82.05000305,309,55.7,14,76,NA,NA,NA,80,turin,870456,3.5498635198103065e-4
3/22/20,82.05000305,209,75.2,11.6,80,NA,NA,NA,80,turin,870456,2.4010403742406278e-4
3/23/20,82.05000305,298,52,5.5,38,NA,NA,NA,80,turin,870456,3.423492973797642e-4
3/24/20,82.05000305,317,49.9,5.9,50,NA,NA,NA,80,turin,870456,3.6417693714558804e-4
3/25/20,82.05000305,295,53.7,5,55,NA,NA,NA,80,turin,870456,3.3890282794305513e-4
3/26/20,82.05000305,253,67.2,4.4,50,NA,NA,NA,80,turin,870456,2.9065225582912863e-4
3/27/20,83.97000122,297,83.2,7.2,46,NA,NA,NA,80,turin,870456,3.412004742341945e-4
3/28/20,83.97000122,275,64.2,12.9,65,NA,NA,NA,80,turin,870456,3.159263650316616e-4
3/29/20,83.97000122,217,61.2,13.3,72,NA,NA,NA,80,turin,870456,2.492946225886202e-4
3/30/20,83.97000122,305,79.2,10.3,50,NA,NA,NA,80,turin,870456,3.503910593987519e-4
3/31/20,83.97000122,256,67.4,6.1,30,NA,NA,NA,80,turin,870456,2.940987252658377e-4
4/1/20,83.97000122,280,56,6.5,57,NA,NA,NA,80,turin,870456,3.2167048075951e-4
4/2/20,83.97000122,304,54.7,8.6,76,NA,NA,NA,80,turin,870456,3.4924223625318226e-4
4/3/20,83.97000122,477,53.2,11.3,89,NA,NA,NA,80,turin,870456,5.479886404367366e-4
4/4/20,83.97000122,213,50,12.7,80,NA,NA,NA,80,turin,870456,2.446993300063415e-4
4/5/20,83.97000122,195,47.5,12.5,74,NA,NA,NA,80,turin,870456,2.240205133860873e-4
4/6/20,83.97000122,195,45.5,14,68,NA,NA,NA,80,turin,870456,2.240205133860873e-4
4/7/20,83.97000122,220,39.5,15.2,65,NA,NA,NA,80,turin,870456,2.5274109202532926e-4
4/8/20,83.97000122,330,33.2,16.5,59,NA,NA,NA,80,turin,870456,3.7911163803799387e-4
4/9/20,83.97000122,301,36,16.9,59,NA,NA,NA,80,turin,870456,3.457957668164732e-4
4/10/20,81.41000366,379,33.7,18,55,NA,NA,NA,80,turin,870456,4.354039721709081e-4
4/11/20,81.41000366,334,34.4,17.5,53,NA,NA,NA,80,turin,870456,3.837069306202726e-4
4/12/20,85.26000214,190,35.5,17.2,38,NA,NA,NA,90,turin,870456,2.182763976582389e-4
4/13/20,85.26000214,210,38.7,16,42,NA,NA,NA,90,turin,870456,2.4125286056963247e-4
4/14/20,85.26000214,317,52.1,14.4,42,NA,NA,NA,90,turin,870456,3.6417693714558804e-4
4/15/20,85.26000214,460,47.2,12.6,25,NA,NA,NA,90,turin,870456,5.284586469620521e-4
4/16/20,85.26000214,387,46.6,14.8,50,NA,NA,NA,90,turin,870456,4.4459455733546557e-4
4/17/20,85.26000214,288,45.5,17.2,46,NA,NA,NA,90,turin,870456,3.3086106592406737e-4
4/18/20,85.26000214,353,56.6,17,50,NA,NA,NA,90,turin,870456,4.0553457038609647e-4
4/19/20,85.26000214,134,74.5,15.1,53,NA,NA,NA,90,turin,870456,1.5394230150633692e-4
4/20/20,85.26000214,332,93,12.7,42,NA,NA,NA,90,turin,870456,3.8140928432913324e-4
4/21/20,85.26000214,414,78.6,10.5,30,NA,NA,NA,90,turin,870456,4.7561278226584687e-4
4/22/20,85.26000214,217,49.5,15.5,46,NA,NA,NA,90,turin,870456,2.492946225886202e-4
4/23/20,85.26000214,374,54.3,16.5,55,NA,NA,NA,90,turin,870456,4.2965985644305974e-4
4/24/20,85.26000214,321,49.7,17.5,55,NA,NA,NA,90,turin,870456,3.687722297278668e-4
4/25/20,85.26000214,263,61,17.3,53,NA,NA,NA,90,turin,870456,3.0214048728482545e-4
4/26/20,85.26000214,125,76,15.1,42,NA,NA,NA,90,turin,870456,1.436028931962098e-4
4/27/20,85.26000214,240,85.7,15,38,NA,NA,NA,90,turin,870456,2.757175549367228e-4
4/28/20,85.26000214,275,93,13.3,17,NA,NA,NA,90,turin,870456,3.159263650316616e-4
4/29/20,85.26000214,259,68,16.1,21,NA,NA,NA,90,turin,870456,2.975451947025467e-4
4/30/20,85.26000214,213,76,15.2,30,NA,NA,NA,90,turin,870456,2.446993300063415e-4
5/1/20,85.26000214,292,76,14.1,25,NA,NA,NA,90,turin,870456,3.354563585063461e-4
5/2/20,85.26000214,191,51.2,18.3,13,NA,NA,NA,90,turin,870456,2.1942522080380857e-4
5/3/20,85.26000214,122,50.5,19.3,17,NA,NA,NA,90,turin,870456,1.4015642375950077e-4
5/4/20,64.09999847,102,48.2,17.5,30,NA,NA,NA,60,turin,870456,1.171799608481072e-4
5/5/20,64.09999847,98,60.7,18.3,42,NA,NA,NA,60,turin,870456,1.1258466826582849e-4
5/6/20,64.09999847,88,67.2,19.5,42,NA,NA,NA,60,turin,870456,1.010964368101317e-4
5/7/20,64.09999847,116,52,19.3,42,NA,NA,NA,60,turin,870456,1.332634848860827e-4
5/8/20,64.09999847,108,54.6,18.2,46,NA,NA,NA,60,turin,870456,1.2407289972152526e-4
5/9/20,64.09999847,66,49.5,18.7,42,NA,NA,NA,60,turin,870456,7.582232760759877e-5
5/10/20,64.09999847,66,74.5,15.9,38,NA,NA,NA,60,turin,870456,7.582232760759877e-5
5/11/20,64.09999847,71,85.5,14,21,NA,NA,NA,60,turin,870456,8.156644333544717e-5
5/12/20,64.09999847,88,73.7,16.8,21,NA,NA,NA,60,turin,870456,1.010964368101317e-4
5/13/20,64.09999847,88,91.7,13.7,30,NA,NA,NA,60,turin,870456,1.010964368101317e-4
5/14/20,64.09999847,89,71,17.3,21,NA,NA,NA,60,turin,870456,1.0224525995570138e-4
5/15/20,64.09999847,84,76.7,16.1,21,NA,NA,NA,60,turin,870456,9.650114422785298e-5
5/16/20,66.66999817,45,86.2,16.2,25,NA,NA,NA,70,turin,870456,5.169704155063553e-5
5/17/20,66.66999817,43,77,16.7,30,NA,NA,NA,70,turin,870456,4.939939525949617e-5
5/18/20,64.73999786,53,66,21.1,38,NA,NA,NA,60,turin,870456,6.0887626715192954e-5
5/19/20,64.73999786,116,61.1,19.8,30,NA,NA,NA,60,turin,870456,1.332634848860827e-4
5/20/20,64.73999786,57,57.7,22,34,NA,NA,NA,60,turin,870456,6.548291929747166e-5
5/21/20,64.73999786,55,55.4,22,63,NA,NA,NA,60,turin,870456,6.318527300633232e-5
5/22/20,64.73999786,33,62.2,22.7,76,NA,NA,NA,60,turin,870456,3.7911163803799385e-5
5/23/20,64.73999786,17,67,21.9,57,NA,NA,NA,60,turin,870456,1.9529993474684533e-5
5/24/20,64.73999786,14,44,20,30,NA,NA,NA,60,turin,870456,1.6083524037975497e-5
5/25/20,64.73999786,47,47.9,20.3,38,NA,NA,NA,60,turin,870456,5.399468784177488e-5
5/26/20,64.73999786,38,49.8,20.3,42,NA,NA,NA,60,turin,870456,4.365527953164778e-5
5/27/20,64.73999786,29,45.7,19.3,38,NA,NA,NA,60,turin,870456,3.3315871221520676e-5
5/28/20,64.73999786,32,55,20,53,NA,NA,NA,60,turin,870456,3.676234065822971e-5
5/29/20,64.73999786,28,56.8,16.8,34,NA,NA,NA,60,turin,870456,3.2167048075950995e-5
5/30/20,64.73999786,20,55,18,42,NA,NA,NA,60,turin,870456,2.297646291139357e-5
5/31/20,64.73999786,12,58,17.4,57,NA,NA,NA,60,turin,870456,1.3785877746836141e-5
6/1/20,64.73999786,25,56,20,55,NA,NA,NA,60,turin,870456,2.872057863924196e-5
6/2/20,60.90000153,9,53.3,21.4,53,NA,NA,NA,60,turin,870456,1.0339408310127105e-5
6/3/20,55.13000107,9,60.2,18,42,NA,NA,NA,60,turin,870456,1.0339408310127105e-5
6/4/20,55.13000107,12,87,16.1,25,NA,NA,NA,60,turin,870456,1.3785877746836141e-5
6/5/20,55.13000107,22,60,20.2,25,NA,NA,NA,60,turin,870456,2.5274109202532924e-5
6/6/20,55.13000107,4,61.5,20.1,25,NA,NA,NA,60,turin,870456,4.595292582278714e-6
6/7/20,55.13000107,7,82.7,17.3,21,NA,NA,NA,60,turin,870456,8.041762018987749e-6
6/8/20,55.13000107,7,82.5,15.5,17,NA,NA,NA,60,turin,870456,8.041762018987749e-6
6/9/20,55.13000107,8,84.7,14.5,17,NA,NA,NA,60,turin,870456,9.190585164557428e-6
6/10/20,55.13000107,29,69.5,17.7,25,NA,NA,NA,60,turin,870456,3.3315871221520676e-5
6/11/20,58.97000122,16,88.7,15.5,25,NA,NA,NA,60,turin,870456,1.8381170329114856e-5
6/12/20,58.97000122,10,85.5,15.9,30,NA,NA,NA,60,turin,870456,1.1488231455696784e-5
6/13/20,58.97000122,14,86,16.2,25,NA,NA,NA,60,turin,870456,1.6083524037975497e-5
6/14/20,58.97000122,1,59,21.7,25,NA,NA,NA,60,turin,870456,1.1488231455696785e-6
6/15/20,62.81999969,11,58.5,22,25,NA,NA,NA,60,turin,870456,1.2637054601266462e-5
6/16/20,62.81999969,17,70.2,19.4,21,NA,NA,NA,60,turin,870456,1.9529993474684533e-5
6/17/20,62.81999969,5,82,16.8,17,NA,NA,NA,60,turin,870456,5.744115727848392e-6
6/18/20,62.81999969,7,77.7,17.3,30,NA,NA,NA,60,turin,870456,8.041762018987749e-6
6/19/20,62.81999969,8,65.2,21.1,25,NA,NA,NA,60,turin,870456,9.190585164557428e-6
6/20/20,62.81999969,10,49.7,22.7,30,NA,NA,NA,60,turin,870456,1.1488231455696784e-5
6/21/20,62.81999969,5,45,25,30,NA,NA,NA,60,turin,870456,5.744115727848392e-6
6/22/20,62.81999969,3,47,26.1,34,NA,NA,NA,60,turin,870456,3.4464694367090352e-6
6/23/20,62.81999969,7,48.2,26.5,42,NA,NA,NA,60,turin,870456,8.041762018987749e-6
6/24/20,62.81999969,5,57,26.5,61,NA,NA,NA,60,turin,870456,5.744115727848392e-6
6/25/20,62.81999969,5,61.2,24.4,53,NA,NA,NA,60,turin,870456,5.744115727848392e-6
6/26/20,62.81999969,5,63,24,55,NA,NA,NA,60,turin,870456,5.744115727848392e-6
6/27/20,62.81999969,2,69.1,22,53,NA,NA,NA,60,turin,870456,2.297646291139357e-6
6/28/20,62.81999969,1,61.5,25.1,46,NA,NA,NA,60,turin,870456,1.1488231455696785e-6
6/29/20,62.81999969,6,60,26.3,50,NA,NA,NA,60,turin,870456,6.8929388734180705e-6
6/30/20,62.81999969,5,65.5,25.1,25,NA,NA,NA,60,turin,870456,5.744115727848392e-6
7/1/20,62.81999969,9,68.5,24.7,46,NA,NA,NA,60,turin,870456,1.0339408310127105e-5
7/2/20,62.81999969,2,66.2,23.5,38,NA,NA,NA,60,turin,870456,2.297646291139357e-6
7/3/20,62.81999969,4,66.5,20.8,25,NA,NA,NA,60,turin,870456,4.595292582278714e-6
7/4/20,62.81999969,5,59.5,24.3,21,NA,NA,NA,60,turin,870456,5.744115727848392e-6
7/5/20,55.13000107,1,56.7,26.1,30,NA,NA,NA,60,turin,870456,1.1488231455696785e-6
7/6/20,55.13000107,0,56.6,28,50,NA,NA,NA,60,turin,870456,0
7/7/20,55.13000107,7,52.3,24.1,30,NA,NA,NA,60,turin,870456,8.041762018987749e-6
7/8/20,NA,6,54.3,24.5,46,NA,NA,NA,NA,turin,870456,6.8929388734180705e-6
7/9/20,NA,2,55.5,25.8,57,NA,NA,NA,NA,turin,870456,2.297646291139357e-6
7/10/20,NA,1,59.6,24.5,61,NA,NA,NA,NA,turin,870456,1.1488231455696785e-6
7/11/20,NA,3,65,24.8,53,NA,NA,NA,NA,turin,870456,3.4464694367090352e-6
7/12/20,NA,4,58.7,23.8,25,NA,NA,NA,NA,turin,870456,4.595292582278714e-6
7/13/20,NA,1,58,22.5,NA,NA,NA,NA,NA,turin,870456,1.1488231455696785e-6
7/14/20,NA,0,70.5,20.9,NA,NA,NA,NA,NA,turin,870456,0
7/15/20,NA,1,NA,NA,NA,NA,NA,NA,NA,turin,870456,1.1488231455696785e-6
7/16/20,NA,8,NA,NA,NA,NA,NA,NA,NA,turin,870456,9.190585164557428e-6
7/17/20,NA,2,NA,NA,NA,NA,NA,NA,NA,turin,870456,2.297646291139357e-6
7/18/20,NA,3,NA,NA,NA,NA,NA,NA,NA,turin,870456,3.4464694367090352e-6
7/19/20,NA,0,NA,NA,NA,NA,NA,NA,NA,turin,870456,0
7/20/20,NA,3,NA,NA,NA,NA,NA,NA,NA,turin,870456,3.4464694367090352e-6
7/21/20,NA,1,NA,NA,NA,NA,NA,NA,NA,turin,870456,1.1488231455696785e-6
7/22/20,NA,0,NA,NA,NA,NA,NA,NA,NA,turin,870456,0
2/23/20,58.65000153,0,81,13,78,30,17,13,60,rome,2318895,0
2/24/20,58.65000153,3,81,12.5,57,25,13.3,15.1,60,rome,2318895,1.2937196380172453e-6
2/25/20,58.65000153,0,78,12.6,38,17,14.2,21.2,60,rome,2318895,0
2/26/20,61.22000122,0,74.2,12,34,15,8.7,25.2,60,rome,2318895,0
2/27/20,61.22000122,0,67.5,8.3,25,13,13.8,15.9,60,rome,2318895,0
2/28/20,61.22000122,3,38.1,13.1,30,17,13.3,20.4,60,rome,2318895,1.2937196380172453e-6
2/29/20,61.22000122,0,57.7,10,46,19,16,20.8,60,rome,2318895,0
3/1/20,61.22000122,1,78.3,13.3,42,22,2.8,29.3,60,rome,2318895,4.3123987933908177e-7
3/2/20,61.22000122,7,85,13.1,NA,NA,NA,NA,60,rome,2318895,3.0186791553735723e-6
3/3/20,61.22000122,15,NA,NA,30,23,8.7,22.4,60,rome,2318895,6.468598190086226e-6
3/4/20,64.41999817,13,62.9,12.5,34,13,11.5,15.9,60,rome,2318895,5.606118431408063e-6
3/5/20,64.41999817,7,71.9,12,30,11,11.5,17.5,60,rome,2318895,3.0186791553735723e-6
3/6/20,64.41999817,22,77.6,12.7,30,22,7.8,26.4,60,rome,2318895,9.4872773454598e-6
3/7/20,64.41999817,6,71,11.1,34,15,12.4,18.3,60,rome,2318895,2.5874392760344905e-6
3/8/20,64.41999817,14,48.5,10.7,30,10,6.9,22.8,60,rome,2318895,6.037358310747145e-6
3/9/20,64.41999817,0,63.5,10.3,38,15,15.1,18.7,60,rome,2318895,0
3/10/20,69.87000275,23,68.6,11,53,20,16.5,17.1,70,rome,2318895,9.91851722479888e-6
3/11/20,71.79000092,63,79.2,12.7,65,28,14.7,15.1,70,rome,2318895,2.716811239836215e-5
3/12/20,71.79000092,56,83.5,13.4,53,20,11.5,19.5,70,rome,2318895,2.414943324298858e-5
3/13/20,71.79000092,70,86.3,13.3,59,26,12.8,13.5,70,rome,2318895,3.0186791553735723e-5
3/14/20,71.79000092,66,87.4,13.7,57,21,8.3,17.5,70,rome,2318895,2.8461832036379398e-5
3/15/20,71.79000092,58,71.3,13,42,15,6,22.4,70,rome,2318895,2.5011913001666743e-5
3/16/20,71.79000092,74,62.1,12.2,57,20,10.6,19.9,70,rome,2318895,3.191175107109205e-5
3/17/20,77.55999756,104,72.4,12.5,68,28,12.4,16.7,80,rome,2318895,4.4848947451264506e-5
3/18/20,77.55999756,88,64.6,14.9,78,33,12.4,16.7,80,rome,2318895,3.79491093818392e-5
3/19/20,77.55999756,77,69,13.8,78,31,12.8,19.1,80,rome,2318895,3.3205470709109296e-5
3/20/20,82.05000305,138,71.5,13.4,72,27,12.8,19.1,80,rome,2318895,5.951110334879328e-5
3/21/20,82.05000305,156,68.6,14.2,82,31,10.1,19.5,80,rome,2318895,6.727342117689675e-5
3/22/20,82.05000305,122,69.2,13.1,82,31,7.8,24,80,rome,2318895,5.261126527936797e-5
3/23/20,82.05000305,116,37,10,46,17,2.8,28.5,80,rome,2318895,5.0023826003333486e-5
3/24/20,82.05000305,141,49.5,5.2,34,11,3.2,26,80,rome,2318895,6.0804822986810525e-5
3/25/20,82.05000305,139,58.6,8.3,25,8,5.5,24.8,80,rome,2318895,5.994234322813237e-5
3/26/20,82.05000305,136,87,9.4,17,6,10.6,13.5,80,rome,2318895,5.864862359011512e-5
3/27/20,83.97000122,136,78.2,12.1,17,6,11.5,13.9,80,rome,2318895,5.864862359011512e-5
3/28/20,83.97000122,106,79.2,12.2,46,26,9.6,14.7,80,rome,2318895,4.5711427209942664e-5
3/29/20,83.97000122,123,78.5,13.6,65,55,6.4,19.5,80,rome,2318895,5.304250515870706e-5
3/30/20,83.97000122,118,82.9,12.8,63,50,9.2,19.5,80,rome,2318895,5.088630576201165e-5
3/31/20,83.97000122,74,70.9,10,42,15,5.5,18.7,80,rome,2318895,3.191175107109205e-5
4/1/20,83.97000122,133,45.3,8,34,12,4.6,30.9,80,rome,2318895,5.7354903952097874e-5
4/2/20,83.97000122,110,57.3,9.7,50,16,9.6,26.4,80,rome,2318895,4.743638672729899e-5
4/3/20,83.97000122,117,69.4,10.9,61,20,10.6,25.6,80,rome,2318895,5.0455065882672565e-5
4/4/20,83.97000122,94,42.6,13.5,55,17,6.9,30.5,80,rome,2318895,4.0536548657873684e-5
4/5/20,83.97000122,55,39.3,15.7,55,19,5.1,32.5,80,rome,2318895,2.3718193363649496e-5
4/6/20,83.97000122,61,46.6,15.1,65,23,10.1,29.7,80,rome,2318895,2.6305632639683986e-5
4/7/20,83.97000122,80,60,15.3,72,29,10.1,26.4,80,rome,2318895,3.449919034712654e-5
4/8/20,83.97000122,116,65.1,15.1,78,31,9.6,29.7,80,rome,2318895,5.0023826003333486e-5
4/9/20,83.97000122,88,74.7,15.6,74,29,8.7,28.9,80,rome,2318895,3.79491093818392e-5
4/10/20,81.41000366,105,68,15.7,70,29,10.6,25.6,80,rome,2318895,4.5280187330603585e-5
4/11/20,81.41000366,96,60.6,16.5,70,27,9.6,26,80,rome,2318895,4.139902841655185e-5
4/12/20,85.26000214,116,66.9,16.4,63,25,5.5,28.1,90,rome,2318895,5.0023826003333486e-5
4/13/20,85.26000214,129,70.9,16.6,59,20,3.7,30.5,90,rome,2318895,5.5629944434741545e-5
4/14/20,85.26000214,105,79.3,14.2,53,18,9.6,21.6,90,rome,2318895,4.5280187330603585e-5
4/15/20,85.26000214,102,59,13.1,25,11,5.5,27.7,90,rome,2318895,4.398646769258634e-5
4/16/20,85.26000214,121,64.8,14.5,42,15,8.3,22,90,rome,2318895,5.2180025400028894e-5
4/17/20,85.26000214,130,74.5,15.5,38,18,6.9,22,90,rome,2318895,5.606118431408063e-5
4/18/20,85.26000214,64,84.1,15.5,30,16,5.1,23.2,90,rome,2318895,2.7599352277701233e-5
4/19/20,85.26000214,51,80.2,17.5,46,23,3.7,22.4,90,rome,2318895,2.199323384629317e-5
4/20/20,85.26000214,56,93,16.6,38,15,8.3,14.3,90,rome,2318895,2.414943324298858e-5
4/21/20,85.26000214,68,82.4,16.1,25,13,7.8,12.2,90,rome,2318895,2.932431179505756e-5
4/22/20,85.26000214,56,93,14.4,25,9,7.4,9,90,rome,2318895,2.414943324298858e-5
4/23/20,85.26000214,48,84.1,15.4,25,10,7.4,15.9,90,rome,2318895,2.0699514208275924e-5
4/24/20,85.26000214,73,78.9,16.4,50,15,7.4,21.6,90,rome,2318895,3.1480511191752967e-5
4/25/20,85.26000214,67,81.5,16,46,15,4.2,23.6,90,rome,2318895,2.8893071915718476e-5
4/26/20,85.26000214,68,72.3,16.1,25,9,3.2,22.8,90,rome,2318895,2.932431179505756e-5
4/27/20,85.26000214,73,76.2,17.2,34,12,6.4,21.2,90,rome,2318895,3.1480511191752967e-5
4/28/20,85.26000214,52,79.7,17,38,18,6,22,90,rome,2318895,2.2424473725632253e-5
4/29/20,85.26000214,62,79,16,21,15,4.2,25.6,90,rome,2318895,2.673687251902307e-5
4/30/20,85.26000214,51,69.5,16.9,25,12,6,22,90,rome,2318895,2.199323384629317e-5
5/1/20,85.26000214,56,70.4,18.4,21,12,1.9,29.7,90,rome,2318895,2.414943324298858e-5
5/2/20,85.26000214,48,70.4,18.8,25,17,3.7,24.4,90,rome,2318895,2.0699514208275924e-5
5/3/20,85.26000214,37,56,19.5,30,12,2.8,20.8,90,rome,2318895,1.5955875535546026e-5
5/4/20,64.09999847,57,49,19.5,25,11,7.4,28.5,60,rome,2318895,2.458067312232766e-5
5/5/20,64.09999847,75,55.5,19.5,30,15,10.1,24,60,rome,2318895,3.234299095043113e-5
5/6/20,64.09999847,37,66,19.6,34,16,7.4,23.2,60,rome,2318895,1.5955875535546026e-5
5/7/20,64.09999847,47,51.5,18.8,34,13,6.4,30.1,60,rome,2318895,2.0268274328936842e-5
5/8/20,64.09999847,38,61,18.4,38,15,8.7,26.4,60,rome,2318895,1.638711541488511e-5
5/9/20,64.09999847,27,56.3,20.1,42,15,7.4,29.7,60,rome,2318895,1.1643476742155207e-5
5/10/20,64.09999847,21,46.1,20.5,38,14,4.2,32.5,60,rome,2318895,9.056037466120717e-6
5/11/20,64.09999847,16,62.3,19.5,34,14,6,28.1,60,rome,2318895,6.899838069425308e-6
5/12/20,64.09999847,25,60,20.5,25,19,4.2,25.2,60,rome,2318895,1.0780996983477044e-5
5/13/20,64.09999847,17,63.2,21.4,57,28,7.8,24.8,60,rome,2318895,7.33107794876439e-6
5/14/20,64.09999847,63,58,23.1,63,47,11.5,23.2,60,rome,2318895,2.716811239836215e-5
5/15/20,64.09999847,26,53,21.5,34,21,4.6,28.1,60,rome,2318895,1.1212236862816126e-5
5/16/20,66.66999817,39,53.5,22.5,55,24,6.9,22,70,rome,2318895,1.6818355294224187e-5
5/17/20,66.66999817,30,54.5,24.8,59,39,3.2,30.1,70,rome,2318895,1.2937196380172452e-5
5/18/20,64.73999786,8,59.7,24.4,57,34,10.6,17.5,60,rome,2318895,3.449919034712654e-6
5/19/20,64.73999786,20,65.2,22,34,20,4.2,29.7,60,rome,2318895,8.624797586781635e-6
5/20/20,64.73999786,15,74.2,19.5,30,13,6,22,60,rome,2318895,6.468598190086226e-6
5/21/20,64.73999786,25,41.3,22,34,15,5.5,31.3,60,rome,2318895,1.0780996983477044e-5
5/22/20,64.73999786,15,45.6,21.2,42,16,8.3,30.1,60,rome,2318895,6.468598190086226e-6
5/23/20,64.73999786,16,52.4,23.1,38,16,7.8,27.3,60,rome,2318895,6.899838069425308e-6
5/24/20,64.73999786,11,58,21.7,34,17,5.1,25.6,60,rome,2318895,4.7436386727299e-6
5/25/20,64.73999786,15,53.7,22.8,38,15,6.4,27.7,60,rome,2318895,6.468598190086226e-6
5/26/20,64.73999786,9,39.5,22.2,25,13,9.2,27.7,60,rome,2318895,3.881158914051736e-6
5/27/20,64.73999786,14,39.1,20.2,21,10,5.5,30.1,60,rome,2318895,6.037358310747145e-6
5/28/20,64.73999786,13,52.4,20.6,34,12,7.8,29.3,60,rome,2318895,5.606118431408063e-6
5/29/20,64.73999786,5,70.8,16.2,30,12,12.8,18.7,60,rome,2318895,2.1561993966954087e-6
5/30/20,64.73999786,11,73.1,17,25,10,8.7,21.6,60,rome,2318895,4.7436386727299e-6
5/31/20,64.73999786,6,62,19.2,30,10,6,22.4,60,rome,2318895,2.5874392760344905e-6
6/1/20,64.73999786,5,60.1,21,34,13,8.3,26,60,rome,2318895,2.1561993966954087e-6
6/2/20,60.90000153,10,60,21.3,30,12,5.1,27.3,60,rome,2318895,4.312398793390817e-6
6/3/20,55.13000107,11,65.8,21.5,25,11,6.9,25.2,60,rome,2318895,4.7436386727299e-6
6/4/20,55.13000107,9,62,22,34,13,5.1,32.5,60,rome,2318895,3.881158914051736e-6
6/5/20,55.13000107,18,70,20.9,25,15,6.9,27.3,60,rome,2318895,7.762317828103472e-6
6/6/20,55.13000107,17,65,21.4,25,16,6.4,21.2,60,rome,2318895,7.33107794876439e-6
6/7/20,55.13000107,16,71.3,21.6,25,14,3.7,22,60,rome,2318895,6.899838069425308e-6
6/8/20,55.13000107,19,69.1,22.5,25,15,5.1,25.6,60,rome,2318895,8.193557707442554e-6
6/9/20,55.13000107,11,65.3,21,25,16,3.7,25.2,60,rome,2318895,4.7436386727299e-6
6/10/20,55.13000107,16,67.3,20.1,21,15,4.6,28.5,60,rome,2318895,6.899838069425308e-6
6/11/20,58.97000122,24,81.6,17.4,25,12,11,17.1,60,rome,2318895,1.0349757104137962e-5
6/12/20,58.97000122,25,60,21.7,25,12,10.1,19.1,60,rome,2318895,1.0780996983477044e-5
6/13/20,58.97000122,14,72.3,20.6,34,14,11,18.3,60,rome,2318895,6.037358310747145e-6
6/14/20,58.97000122,3,69,21.4,21,17,3.7,23.6,60,rome,2318895,1.2937196380172453e-6
6/15/20,62.81999969,9,68.2,21.6,25,16,6.4,21.2,60,rome,2318895,3.881158914051736e-6
6/16/20,62.81999969,10,68.6,22,25,12,5.5,22.4,60,rome,2318895,4.312398793390817e-6
6/17/20,62.81999969,8,71.5,21.6,34,19,8.3,19.5,60,rome,2318895,3.449919034712654e-6
6/18/20,62.81999969,8,68.4,21.3,25,17,6.9,23.6,60,rome,2318895,3.449919034712654e-6
6/19/20,62.81999969,12,67.2,21.5,30,15,8.3,17.9,60,rome,2318895,5.174878552068981e-6
6/20/20,62.81999969,9,66.8,21.6,30,15,7.8,22.4,60,rome,2318895,3.881158914051736e-6
6/21/20,62.81999969,8,63.8,20.5,25,10,5.1,26.9,60,rome,2318895,3.449919034712654e-6
6/22/20,62.81999969,6,44.2,25.7,25,9,7.8,24.8,60,rome,2318895,2.5874392760344905e-6
6/23/20,62.81999969,0,39.3,27.1,34,12,9.2,28.5,60,rome,2318895,0
6/24/20,62.81999969,7,45.8,24.9,38,16,11,32.1,60,rome,2318895,3.0186791553735723e-6
6/25/20,62.81999969,13,52.1,27,42,19,12.4,28.5,60,rome,2318895,5.606118431408063e-6
6/26/20,62.81999969,16,50.1,26.2,42,16,13.3,27.7,60,rome,2318895,6.899838069425308e-6
6/27/20,62.81999969,14,43,26.7,42,18,11,27.7,60,rome,2318895,6.037358310747145e-6
6/28/20,62.81999969,8,46.8,28.4,46,19,7.8,25.2,60,rome,2318895,3.449919034712654e-6
6/29/20,62.81999969,4,62.1,26.4,42,17,7.4,22.8,60,rome,2318895,1.724959517356327e-6
6/30/20,62.81999969,8,58.5,27.9,38,17,6.4,21.2,60,rome,2318895,3.449919034712654e-6
7/1/20,62.81999969,6,60.1,28.4,42,20,7.8,19.5,60,rome,2318895,2.5874392760344905e-6
7/2/20,62.81999969,10,58.8,28.6,46,22,6.9,18.7,60,rome,2318895,4.312398793390817e-6
7/3/20,62.81999969,29,71.1,27.4,46,19,6.4,20.4,60,rome,2318895,1.2505956500833372e-5
7/4/20,62.81999969,11,68.2,25.6,34,19,7.8,22.4,60,rome,2318895,4.7436386727299e-6
7/5/20,55.13000107,15,41.3,27.5,25,12,5.5,26,60,rome,2318895,6.468598190086226e-6
7/6/20,55.13000107,6,45.8,26.9,34,15,8.7,34.6,60,rome,2318895,2.5874392760344905e-6
7/7/20,55.13000107,7,51.3,28.3,42,20,11,28.1,60,rome,2318895,3.0186791553735723e-6
7/8/20,NA,30,56.5,26.9,38,19,6.4,30.5,NA,rome,2318895,1.2937196380172452e-5
7/9/20,NA,21,55.7,28.1,42,20,6.9,29.7,NA,rome,2318895,9.056037466120717e-6
7/10/20,NA,12,50.1,28.7,50,22,9.2,32.1,NA,rome,2318895,5.174878552068981e-6
7/11/20,NA,19,58,27,46,17,7.4,26,NA,rome,2318895,8.193557707442554e-6
7/12/20,NA,21,62.8,27.5,42,18,5.1,26.9,NA,rome,2318895,9.056037466120717e-6
7/13/20,NA,18,48.5,26.1,25,14,3.7,31.3,NA,rome,2318895,7.762317828103472e-6
7/14/20,NA,18,44.4,22,NA,NA,NA,NA,NA,rome,2318895,7.762317828103472e-6
7/15/20,NA,6,NA,NA,NA,NA,NA,NA,NA,rome,2318895,2.5874392760344905e-6
7/16/20,NA,11,NA,NA,NA,NA,NA,NA,NA,rome,2318895,4.7436386727299e-6
7/17/20,NA,19,NA,NA,NA,NA,NA,NA,NA,rome,2318895,8.193557707442554e-6
7/18/20,NA,13,NA,NA,NA,NA,NA,NA,NA,rome,2318895,5.606118431408063e-6
7/19/20,NA,15,NA,NA,NA,NA,NA,NA,NA,rome,2318895,6.468598190086226e-6
7/20/20,NA,3,NA,NA,NA,NA,NA,NA,NA,rome,2318895,1.2937196380172453e-6
7/21/20,NA,13,NA,NA,NA,NA,NA,NA,NA,rome,2318895,5.606118431408063e-6
7/22/20,NA,0,NA,NA,NA,NA,NA,NA,NA,rome,2318895,0
