Date,Day,NewDeaths,Daily,C1_SchoolClosing,C1_Flag,C2_WorkplaceClosing,C2_Flag,C3_CancelPublicEvents,C3_Flag,C4_RestrictionsOnGatherings,C4_Flag,C5_ClosePublicTransport,C5_Flag,C6_StayAtHomeRequirements,C6_Flag,C7_RestrictionsOnInternalMovement,C7_Flag,C8_InternationalTravelControls,E1_IncomeSupport,E1_Flag,E2_Debt_contractRelief,E3_FiscalMeasures,E4_InternationalSupport,H1_PublicInformationCampaigns,H1_Flag,H2_TestingPolicy,H3_ContactTracing,H4_EmergencyInvestmentInHealthcare,H5_InvestmentInVaccines,M1_Wildcard,ConfirmedCases,ConfirmedDeaths,StringencyIndex,StringencyIndexForDisplay,StringencyLegacyIndex,StringencyLegacyIndexForDisplay,GovernmentResponseIndex,GovernmentResponseIndexForDisplay,ContainmentHealthIndex,ContainmentHealthIndexForDisplay,EconomicSupportIndex,EconomicSupportIndexForDisplay,Humidity,Temperature,pm25,pm10,co,no2,o3
03/27/2020,1,0,0,3,0,3,0,2,0,3,0,2,0,1,0,2,0,4,0,NaN,1,0,0,2,1,1,0,0,0,NaN,3417,92,74.54,74.54,78.57,78.57,58.01,58.01,64.02,64.02,25,25,-1,-1,-1,-1,-1,-1,-1
03/28/2020,2,9,489,3,0,3,0,2,0,3,0,2,0,1,0,2,0,4,0,NaN,1,0,0,2,1,1,0,0,0,NaN,3904,114,74.54,74.54,78.57,78.57,58.01,58.01,64.02,64.02,25,25,-1,-1,-1,-1,-1,-1,-1
03/29/2020,3,4,27,3,0,3,0,2,0,3,0,2,0,1,0,2,0,4,0,NaN,1,0,0,2,1,1,0,0,0,NaN,4256,136,74.54,74.54,78.57,78.57,58.01,58.01,64.02,64.02,25,25,-1,-1,-1,-1,-1,-1,-1
03/30/2020,4,0,37,3,0,3,0,2,0,3,0,2,0,1,0,2,0,4,0,NaN,1,0,0,2,1,1,0,0,0,NaN,4579,159,74.54,74.54,78.57,78.57,58.01,58.01,64.02,64.02,25,25,-1,-1,-1,-1,-1,-1,-1
03/31/2020,5,5,33,3,0,3,0,2,0,3,0,2,0,1,0,2,0,4,0,NaN,1,0,0,2,1,1,0,187045000,0,NaN,5717,201,74.54,74.54,78.57,78.57,58.01,58.01,64.02,64.02,25,25,-1,-1,-1,-1,-1,-1,-1
04/01/2020,6,2,111,3,0,3,0,2,0,3,0,2,0,1,0,2,0,4,0,NaN,1,118000000000,0,2,1,1,0,0,0,NaN,6836,241,74.54,74.54,78.57,78.57,61.86,61.86,64.02,64.02,50,50,-1,-1,-1,-1,-1,-1,-1
04/02/2020,7,11,101,3,0,3,0,2,0,3,0,2,0,1,0,2,0,4,1,1,1,125175000,0,2,1,1,0,9191176,0,NaN,7910,299,74.54,74.54,78.57,78.57,61.86,61.86,64.02,64.02,50,50,-1,-1,-1,-1,-1,-1,-1
04/03/2020,8,5,69,3,0,3,0,2,0,3,0,2,0,1,0,2,0,4,1,1,1,0,0,2,1,1,0,1758230000,0,NaN,9056,359,74.54,74.54,78.57,78.57,61.86,61.86,64.02,64.02,50,50,-1,-1,-1,-1,-1,-1,-1
04/04/2020,9,2,115,3,0,3,0,2,0,3,0,2,0,1,0,2,0,4,1,1,1,0,0,2,1,1,0,0,0,NaN,10278,432,74.54,74.54,78.57,78.57,61.86,61.86,64.02,64.02,50,50,-1,-1,-1,-1,-1,-1,-1
04/05/2020,10,4,86,3,0,3,0,2,0,3,0,2,0,1,0,2,0,4,1,1,1,0,0,2,1,1,0,0,0,NaN,11130,486,74.54,74.54,78.57,78.57,61.86,61.86,64.02,64.02,50,50,-1,-1,-1,-1,-1,-1,-1
04/06/2020,11,5,42,3,0,3,0,2,0,3,0,2,0,1,0,2,0,4,1,1,1,0,0,2,1,1,0,0,0,NaN,12056,553,74.54,74.54,78.57,78.57,61.86,61.86,64.02,64.02,50,50,-1,-1,-1,-1,-1,-1,-1
04/07/2020,12,12,141,3,0,3,0,2,0,3,0,2,0,1,0,2,0,4,1,1,1,0,0,2,1,1,0,0,0,NaN,13717,667,74.54,74.54,78.57,78.57,61.86,61.86,64.02,64.02,50,50,-1,-1,-1,-1,-1,-1,-1
04/08/2020,13,14,198,3,0,3,0,2,0,3,0,2,0,1,0,2,0,4,1,1,1,783527,0,2,1,1,0,63171900,0,NaN,15927,800,74.54,74.54,78.57,78.57,61.86,61.86,64.02,64.02,50,50,-1,-1,-1,-1,-1,-1,-1
04/09/2020,14,9,184,3,0,3,0,2,0,3,0,2,0,1,0,2,0,4,1,1,1,0,0,2,1,1,0,1958820,0,NaN,17857,941,74.54,74.54,78.57,78.57,61.86,61.86,64.02,64.02,50,50,-1,-1,-1,-1,-1,-1,-1
04/10/2020,15,10,175,3,0,3,0,2,0,3,0,2,0,1,0,2,0,4,1,1,1,0,0,2,1,1,0,783527000,0,NaN,19638,1056,74.54,74.54,78.57,78.57,61.86,61.86,64.02,64.02,50,50,-1,-1,-1,-1,-1,-1,-1
04/11/2020,16,6,97,3,0,3,0,2,0,3,0,2,0,1,0,2,0,4,1,1,1,0,0,2,1,1,0,2355300,0,NaN,20727,1124,74.54,74.54,78.57,78.57,61.86,61.86,64.02,64.02,50,50,-1,-1,-1,-1,-1,-1,-1
04/12/2020,17,8,91,3,0,3,0,2,0,3,0,2,0,1,0,2,0,4,1,1,1,0,0,2,1,1,0,0,0,NaN,22169,1223,74.54,74.54,78.57,78.57,61.86,61.86,64.02,64.02,50,50,-1,-1,-1,-1,-1,-1,-1
04/13/2020,18,9,326,3,0,3,0,2,0,3,0,2,0,1,0,2,0,4,1,1,1,0,0,2,1,1,0,50157800,0,NaN,23430,1328,74.54,74.54,78.57,78.57,61.86,61.86,64.02,64.02,50,50,-1,-1,-1,-1,-1,-1,-1
04/14/2020,19,25,71,3,0,3,0,2,0,3,0,2,0,1,0,2,0,4,1,1,1,0,0,2,1,1,0,28097700,0,NaN,25262,1532,74.54,74.54,78.57,78.57,61.86,61.86,64.02,64.02,50,50,-1,-1,-1,-1,-1,-1,-1
04/15/2020,20,27,126,3,0,3,0,2,0,3,0,2,0,1,0,2,0,4,1,1,1,0,0,2,1,1,0,7973660,0,NaN,28320,1736,74.54,74.54,78.57,78.57,61.86,61.86,64.02,64.02,50,50,-1,-1,-1,-1,-1,-1,-1
04/16/2020,21,28,140,3,0,3,0,2,0,3,0,2,0,1,0,2,0,4,1,1,1,0,0,2,1,1,0,227819000,0,NaN,30425,1924,74.54,74.54,78.57,78.57,61.86,61.86,64.02,64.02,50,50,-1,-1,-1,-1,-1,-1,-1
04/17/2020,22,24,287,3,0,3,0,2,0,3,0,2,0,1,0,2,0,4,1,1,1,113909000,0,2,1,1,0,0,0,NaN,33682,2141,74.54,74.54,78.57,78.57,61.86,61.86,64.02,64.02,50,50,-1,-1,-1,-1,-1,-1,-1
04/18/2020,23,18,113,3,0,3,0,2,0,3,0,2,0,1,0,2,0,4,1,1,1,0,0,2,1,1,0,0,0,NaN,36599,2347,74.54,74.54,78.57,78.57,61.86,61.86,64.02,64.02,50,50,-1,-1,-1,-1,-1,-1,-1
04/19/2020,24,8,67,3,0,3,0,2,0,3,0,2,0,1,0,2,0,4,1,1,1,0,0,2,1,1,0,0,0,NaN,38654,2462,74.54,74.54,78.57,78.57,61.86,61.86,64.02,64.02,50,50,-1,-1,-1,-1,-1,-1,-1
04/20/2020,25,12,117,3,0,3,0,2,0,3,0,2,0,1,0,2,0,4,1,1,1,892291000,0,2,1,1,0,0,0,NaN,40581,2575,74.54,74.54,78.57,78.57,61.86,61.86,64.02,64.02,50,50,-1,-1,-1,-1,-1,-1,-1
04/21/2020,26,36,344,3,0,3,0,2,0,3,0,2,0,1,0,2,0,4,1,1,1,0,0,2,1,1,0,14674800,0,NaN,43079,2741,74.54,74.54,78.57,78.57,61.86,61.86,64.02,64.02,50,50,-1,-1,-1,-1,-1,-1,-1
04/22/2020,27,20,69,3,0,3,0,2,0,3,0,2,0,1,0,2,0,4,1,1,1,0,0,2,1,1,0,0,0,NaN,45757,2906,74.54,74.54,78.57,78.57,61.86,61.86,64.02,64.02,50,50,-1,-1,-1,-1,-1,-1,-1
04/23/2020,28,19,371,3,0,3,0,2,0,3,0,2,0,1,0,2,0,4,1,1,1,0,0,2,1,1,0,0,0,NaN,49492,3313,74.54,74.54,78.57,78.57,61.86,61.86,64.02,64.02,50,50,-1,-1,-1,-1,-1,-1,-1
04/24/2020,29,25,64,3,0,3,0,2,0,3,0,2,0,1,0,2,0,4,1,1,1,4528169014,0,2,1,1,0,0,0,NaN,52995,3670,74.54,74.54,78.57,78.57,61.86,61.86,64.02,64.02,50,50,-1,-1,-1,-1,-1,-1,-1
04/25/2020,30,20,390,3,0,3,0,2,0,3,0,2,0,1,0,2,0,4,1,1,1,0,0,2,1,1,0,0,0,NaN,58509,4016,77.31,77.31,80.48,80.48,63.78,63.78,66.29,66.29,50,50,-1,-1,-1,-1,-1,-1,-1
04/26/2020,31,15,17,3,0,3,0,2,0,4,0,2,0,1,0,2,0,4,1,1,1,0,0,2,1,1,0,0,0,NaN,61888,4205,77.31,77.31,80.48,80.48,63.78,63.78,66.29,66.29,50,50,-1,-1,-1,-1,-1,-1,-1
04/27/2020,32,22,763,3,0,3,0,2,0,4,0,2,0,1,0,2,0,4,1,1,1,88183421.27,0,2,1,1,0,0,0,NaN,66501,4543,77.31,77.31,80.48,80.48,63.78,63.78,66.29,66.29,50,50,-1,-1,-1,-1,-1,-1,-1
04/28/2020,33,52,293,3,0,3,0,2,0,4,0,2,0,1,0,2,0,4,1,1,1,0,0,2,1,1,0,0,0,NaN,71886,5017,77.31,77.31,80.48,80.48,63.78,63.78,66.29,66.29,50,50,-1,-1,-1,-1,-1,-1,-1
04/29/2020,34,46,135,3,0,3,0,2,0,4,0,2,0,1,0,2,0,4,1,1,1,0,0,2,1,1,0,0,0,NaN,78162,5466,77.31,77.31,80.48,80.48,63.78,63.78,66.29,66.29,50,50,-1,-1,-1,-1,-1,-1,-1
04/30/2020,35,39,214,3,0,3,0,2,0,4,0,2,0,1,0,2,0,4,1,1,1,0,0,2,1,1,0,0,0,NaN,85380,5901,77.31,77.31,80.48,80.48,63.78,63.78,66.29,66.29,50,50,-1,-1,-1,-1,-1,-1,-1
05/01/2020,36,39,286,3,0,3,0,2,0,4,0,2,0,1,0,2,0,4,1,1,1,0,0,2,1,1,0,0,0,NaN,91589,6329,77.31,77.31,80.48,80.48,63.78,63.78,66.29,66.29,50,50,-1,-1,-1,-1,-1,-1,-1
05/02/2020,37,29,259,3,0,3,0,2,0,4,0,2,0,1,0,2,0,4,1,1,1,0,0,2,1,1,0,0,0,NaN,96559,6750,77.31,77.31,80.48,80.48,63.78,63.78,66.29,66.29,50,50,-1,-1,-1,-1,-1,-1,-1
05/03/2020,38,28,302,3,0,3,0,2,0,4,0,2,0,1,0,2,0,4,1,1,1,0,0,2,1,1,0,0,0,NaN,101147,7025,77.31,77.31,80.48,80.48,63.78,63.78,66.29,66.29,50,50,-1,-1,-1,-1,-1,-1,-1
05/04/2020,39,39,533,3,0,3,0,2,0,4,0,2,0,1,0,2,0,4,1,1,1,0,0,2,1,1,0,10484739.7,0,NaN,107780,7321,81.02,81.02,80.48,80.48,66.35,66.35,69.32,69.32,50,50,-1,-1,-1,-1,-1,-1,-1
05/05/2020,40,43,549,3,0,3,0,2,0,4,0,2,0,2,0,2,0,4,1,1,1,150000,0,2,1,1,0,0,0,NaN,114715,7921,81.02,81.02,80.48,80.48,66.35,66.35,69.32,69.32,50,50,-1,-1,-1,-1,-1,-1,-1
05/06/2020,41,51,745,3,0,3,0,2,0,4,0,2,0,2,0,2,0,4,1,1,1,0,0,2,1,1,0,14978072.61,0,NaN,125218,8536,81.02,81.02,80.48,80.48,66.35,66.35,69.32,69.32,50,50,-1,-1,-1,-1,-1,-1,-1
05/07/2020,42,155,474,3,0,3,0,2,0,4,0,2,0,2,0,2,0,4,1,1,1,0,0,2,1,1,0,0,0,NaN,135106,9146,81.02,81.02,80.48,80.48,66.35,66.35,69.32,69.32,50,50,-1,-1,-1,-1,-1,-1,-1
05/08/2020,43,83,621,3,0,3,0,2,0,4,0,2,0,2,0,2,0,4,1,1,1,869716472,0,2,1,1,0,0,0,NaN,145328,9897,81.02,81.02,80.48,80.48,66.35,66.35,69.32,69.32,50,50,-1,-1,-1,-1,-1,-1,-1
05/09/2020,44,90,807,3,0,3,0,2,0,4,0,2,0,2,0,2,0,4,1,1,1,0,0,2,1,1,0,0,0,NaN,155939,10627,81.02,81.02,80.48,80.48,66.35,66.35,69.32,69.32,50,50,-1,-1,-1,-1,-1,-1,-1
05/10/2020,45,34,41,3,0,3,0,2,0,4,0,2,0,2,0,2,0,4,1,1,1,0,0,2,1,1,0,0,0,NaN,162699,11123,81.02,81.02,80.48,80.48,66.35,66.35,69.32,69.32,50,50,-1,-1,-1,-1,-1,-1,-1
05/11/2020,46,46,99,3,0,3,0,2,0,4,0,2,0,2,0,2,0,4,1,1,1,0,0,2,1,1,0,0,0,NaN,168331,11519,81.02,81.02,80.48,80.48,66.35,66.35,69.32,69.32,50,50,-1,-1,-1,-1,-1,-1,-1
05/12/2020,47,107,197,3,0,3,0,2,0,4,0,2,0,2,0,2,0,4,1,1,1,0,0,2,1,1,0,0,0,NaN,177589,12400,81.02,81.02,80.48,80.48,66.35,66.35,69.32,69.32,50,50,-1,-1,-1,-1,-1,-1,-1
05/13/2020,48,84,210,3,0,3,0,2,0,4,0,2,0,2,0,2,0,4,1,1,1,0,0,2,1,1,0,0,0,NaN,188974,13149,81.02,81.02,80.48,80.48,66.35,66.35,69.32,69.32,50,50,-1,-1,-1,-1,-1,-1,-1
05/14/2020,49,146,238,3,0,3,0,2,0,4,0,2,0,2,0,2,0,4,1,1,1,0,0,2,1,1,0,0,0,NaN,202918,13993,81.02,81.02,80.48,80.48,66.35,66.35,69.32,69.32,50,50,-1,-1,-1,-1,-1,-1,-1
05/15/2020,50,122,541,3,0,3,0,2,0,4,0,2,0,2,0,2,0,4,1,1,1,0,0,2,1,1,0,0,0,NaN,218223,14817,81.02,81.02,80.48,80.48,66.35,66.35,69.32,69.32,50,50,-1,-1,-1,-1,-1,-1,-1
05/16/2020,51,120,580,3,0,3,0,2,0,4,0,2,0,2,0,2,0,4,1,1,1,0,0,2,1,1,0,0,0,NaN,233142,15633,81.02,81.02,80.48,80.48,66.35,66.35,69.32,69.32,50,50,-1,-1,-1,-1,-1,-1,-1
05/17/2020,52,90,626,3,0,3,0,2,0,4,0,2,0,2,0,2,0,4,1,1,1,0,0,2,1,1,0,0,0,NaN,241080,16118,81.02,81.02,80.48,80.48,66.35,66.35,69.32,69.32,50,50,-1,-1,-1,-1,-1,-1,-1
05/18/2020,53,119,522,3,0,3,0,2,0,4,0,2,0,2,0,2,0,4,1,1,1,0,0,2,1,1,0,0,0,NaN,254220,16792,81.02,81.02,80.48,80.48,66.35,66.35,69.32,69.32,50,50,-1,-1,-1,-1,-1,-1,-1
05/19/2020,54,175,1090,3,0,3,0,2,0,4,0,2,0,2,0,2,0,4,1,1,1,0,0,2,1,1,0,0,0,NaN,271628,17971,81.02,81.02,80.48,80.48,66.35,66.35,69.32,69.32,50,50,-1,-1,-1,-1,-1,-1,-1
05/20/2020,55,114,2540,3,0,3,0,2,0,4,0,2,0,2,0,2,0,4,1,1,1,0,0,2,1,1,0,0,0,NaN,291579,18859,81.02,81.02,80.48,80.48,66.35,66.35,69.32,69.32,50,50,-1,-1,-1,-1,-1,-1,-1
05/21/2020,56,127,1680,3,0,3,0,2,0,4,0,2,0,2,0,2,0,4,1,1,1,0,0,2,1,1,0,0,0,NaN,310087,20047,81.02,81.02,80.48,80.48,66.35,66.35,69.32,69.32,50,50,-1,-1,-1,-1,-1,-1,-1
05/22/2020,57,144,1420,3,0,3,0,2,0,4,0,2,0,2,0,2,0,4,1,1,1,0,0,2,1,1,0,0,0,NaN,330890,21048,81.02,81.02,80.48,80.48,66.35,66.35,69.32,69.32,50,50,-1,-1,-1,-1,-1,-1,-1
05/23/2020,58,182,882,3,0,3,0,2,0,4,0,2,0,2,0,2,0,4,1,1,1,0,0,2,1,1,0,0,0,NaN,347398,22013,81.02,81.02,80.48,80.48,66.35,66.35,69.32,69.32,50,50,-1,-1,-1,-1,-1,-1,-1
05/24/2020,59,53,732,3,0,3,0,2,0,4,0,2,0,2,0,2,0,4,1,1,1,0,0,2,1,1,0,0,0,NaN,363211,22666,81.02,81.02,80.48,80.48,68.91,68.91,72.35,72.35,50,50,-1,-1,-1,-1,-1,-1,-1
05/25/2020,60,76,691,3,0,3,0,2,0,4,0,2,0,2,0,2,0,4,1,1,1,0,0,2,1,2,0,0,0,NaN,374898,23473,81.02,81.02,80.48,80.48,68.91,68.91,72.35,72.35,50,50,-1,-1,-1,-1,-1,-1,-1
05/26/2020,61,147,824,3,0,3,0,2,0,4,0,2,0,2,0,2,0,4,1,1,1,0,0,2,1,2,0,0,0,NaN,391222,24512,81.02,81.02,80.48,80.48,68.91,68.91,72.35,72.35,50,50,-1,-1,-1,-1,-1,-1,-1
05/27/2020,62,157,1460,3,0,3,0,2,0,4,0,2,0,2,0,2,0,4,1,1,1,0,0,2,1,2,0,0,0,NaN,411821,25598,81.02,81.02,80.48,80.48,68.91,68.91,72.35,72.35,50,50,-1,-1,-1,-1,-1,-1,-1
05/28/2020,63,158,1220,3,0,3,0,2,0,4,0,2,0,2,0,2,0,4,1,1,1,0,0,2,1,2,0,0,0,NaN,438238,26754,81.02,81.02,80.48,80.48,68.91,68.91,72.35,72.35,50,50,-1,-1,-1,-1,-1,-1,-1
05/29/2020,64,137,1340,3,0,3,0,2,0,4,0,2,0,2,0,2,0,4,1,1,1,0,0,2,1,2,0,0,0,NaN,465166,27878,81.02,81.02,80.48,80.48,68.91,68.91,72.35,72.35,50,50,-1,-1,-1,-1,-1,-1,-1
05/30/2020,65,95,1170,3,0,3,0,2,0,4,0,2,0,2,0,2,0,4,1,1,1,0,0,2,1,2,0,0,0,NaN,498440,28834,81.02,81.02,80.48,80.48,68.91,68.91,72.35,72.35,50,50,-1,-1,-1,-1,-1,-1,-1
05/31/2020,66,53,676,3,0,3,0,2,0,4,0,2,0,2,0,2,0,4,1,1,1,0,0,2,1,2,0,0,0,NaN,514849,29314,77.31,77.31,76.9,76.9,66.35,66.35,69.32,69.32,50,50,-1,-1,-1,-1,-1,-1,-1
06/01/2020,67,93,857,3,0,2,0,2,0,4,0,2,0,2,0,2,0,4,1,1,1,0,0,2,1,2,0,0,0,NaN,526447,29937,77.31,77.31,76.9,76.9,66.35,66.35,69.32,69.32,50,50,-1,-1,-1,-1,-1,-1,-1
06/02/2020,68,157,1190,3,0,2,0,2,0,4,0,2,0,2,0,2,0,4,1,1,1,0,0,2,1,2,0,0,0,NaN,555383,31199,77.31,77.31,76.9,76.9,66.35,66.35,69.32,69.32,50,50,-1,-1,-1,-1,-1,-1,-1
06/03/2020,69,227,1750,3,0,2,0,2,0,4,0,2,0,2,0,2,0,4,1,1,1,0,0,2,1,2,0,0,0,NaN,584016,32548,77.31,77.31,76.9,76.9,66.35,66.35,69.32,69.32,50,50,-1,-1,-1,-1,-1,-1,-1
06/04/2020,70,176,744,3,0,2,0,2,0,4,0,2,0,2,0,2,0,4,1,1,1,0,0,2,1,2,0,0,0,NaN,614932,34021,77.31,77.31,76.9,76.9,66.35,66.35,69.32,69.32,50,50,-1,-1,-1,-1,-1,-1,-1
06/05/2020,71,78,1350,3,0,2,0,2,0,4,0,2,0,2,0,2,0,4,1,1,1,0,0,2,1,2,0,0,0,NaN,645762,35026,77.31,77.31,76.9,76.9,66.35,66.35,69.32,69.32,50,50,-1,-1,-1,-1,-1,-1,-1
06/06/2020,72,92,660,3,0,2,0,2,0,4,0,2,0,2,0,2,0,4,1,1,1,0,0,2,1,2,0,0,0,NaN,672837,35930,77.31,77.31,76.9,76.9,66.35,66.35,69.32,69.32,50,50,-1,-1,-1,-1,-1,-1,-1
06/07/2020,73,61,412,3,0,2,0,2,0,4,0,2,0,2,0,2,0,4,1,1,1,0,0,2,1,2,0,0,0,NaN,691758,36455,77.31,77.31,76.9,76.9,66.35,66.35,69.32,69.32,50,50,-1,-1,-1,-1,-1,-1,-1
06/08/2020,74,54,778,3,0,2,0,2,0,4,0,2,0,2,0,2,0,4,1,1,1,0,0,2,1,2,0,0,0,NaN,707412,37134,77.31,77.31,76.9,76.9,66.35,66.35,69.32,69.32,50,50,-1,-1,-1,-1,-1,-1,-1
06/09/2020,75,83,1010,3,0,2,0,2,0,4,0,2,0,2,0,2,0,4,1,1,1,0,0,2,1,2,0,0,0,NaN,739503,38406,77.31,77.31,76.9,76.9,66.35,66.35,69.32,69.32,50,50,-1,-1,-1,-1,-1,-1,-1
06/10/2020,76,117,1060,3,0,2,0,2,0,4,0,2,0,2,0,2,0,4,1,1,1,0,0,2,1,2,0,0,0,NaN,772416,39680,77.31,77.31,76.9,76.9,66.35,66.35,69.32,69.32,50,50,-1,-1,-1,-1,-1,-1,-1
06/11/2020,77,134,1060,3,0,2,0,2,0,4,0,2,0,2,0,2,0,4,1,1,1,0,0,2,1,2,0,0,0,NaN,802828,40919,77.31,77.31,76.9,76.9,66.35,66.35,69.32,69.32,50,50,-1,-1,-1,-1,-1,-1,-1
06/12/2020,78,27,487,3,0,2,0,2,0,4,0,2,0,2,0,2,0,4,1,1,1,0,0,2,1,2,0,0,0,NaN,828810,41828,77.31,77.31,76.9,76.9,66.35,66.35,69.32,69.32,50,50,-1,-1,-1,-1,-1,-1,-1
06/13/2020,79,116,907,3,0,2,0,2,0,4,0,2,0,2,0,2,0,4,1,1,1,0,0,2,1,2,0,0,0,NaN,850514,42720,77.31,77.31,76.9,76.9,66.35,66.35,69.32,69.32,50,50,-1,-1,-1,-1,-1,-1,-1
06/14/2020,80,50,357,3,0,2,0,2,0,4,0,2,0,2,0,2,0,4,1,1,1,0,0,2,1,2,0,0,0,NaN,867624,43332,77.31,77.31,76.9,76.9,66.35,66.35,69.32,69.32,50,50,-1,-1,-1,-1,-1,-1,-1
06/15/2020,81,47,617,3,0,2,0,2,0,4,0,2,0,2,0,2,0,4,1,1,1,0,0,2,1,2,0,0,0,NaN,888271,43959,77.31,77.31,76.9,76.9,66.35,66.35,69.32,69.32,50,50,-1,-1,-1,-1,-1,-1,-1
06/16/2020,82,149,1490,3,0,2,0,2,0,4,0,2,0,2,0,2,0,4,1,1,1,0,0,2,1,2,0,0,0,NaN,923189,45241,77.31,77.31,76.9,76.9,66.35,66.35,69.32,69.32,50,50,-1,-1,-1,-1,-1,-1,-1
06/17/2020,83,104,2100,3,0,2,0,2,0,4,0,2,0,2,0,2,0,4,1,1,1,0,0,2,1,2,0,0,0,NaN,955377,46510,77.31,77.31,76.9,76.9,66.35,66.35,69.32,69.32,50,50,-1,-1,-1,-1,-1,-1,-1
06/18/2020,84,165,277,3,0,2,0,2,0,4,0,2,0,2,0,2,0,4,1,1,1,0,0,2,1,2,0,0,0,NaN,978142,47748,77.31,77.31,76.9,76.9,66.35,66.35,69.32,69.32,50,50,-1,-1,-1,-1,-1,-1,-1
06/19/2020,85,124,2500,3,0,2,0,2,0,4,0,2,0,2,0,2,0,4,1,1,1,0,0,2,1,2,0,0,0,NaN,1032913,48954,77.31,77.31,76.9,76.9,66.35,66.35,69.32,69.32,50,50,-1,-1,-1,-1,-1,-1,-1
06/20/2020,86,159,1380,3,0,2,0,2,0,4,0,2,0,2,0,2,0,4,1,1,1,0,0,2,1,2,0,0,0,NaN,1067579,49976,77.31,77.31,76.9,76.9,66.35,66.35,69.32,69.32,50,50,-1,-1,-1,-1,-1,-1,-1
06/21/2020,87,41,301,3,0,2,0,2,0,4,0,2,0,2,0,2,0,4,1,1,1,0,0,2,1,2,0,0,0,NaN,1085038,50617,77.31,77.31,76.9,76.9,66.35,66.35,69.32,69.32,50,50,-1,-1,-1,-1,-1,-1,-1
06/22/2020,88,43,492,3,0,2,0,2,0,4,0,2,0,2,0,2,0,4,1,1,1,0,0,2,1,2,0,0,0,NaN,1106470,51271,77.31,77.31,76.9,76.9,66.35,66.35,69.32,69.32,50,50,-1,-1,-1,-1,-1,-1,-1
06/23/2020,89,125,1400,3,0,2,0,2,0,4,0,2,0,2,0,2,0,4,1,1,1,0,0,2,1,2,0,0,0,NaN,1145906,52645,77.31,77.31,76.9,76.9,66.35,66.35,69.32,69.32,50,50,-1,-1,-1,-1,-1,-1,-1
06/24/2020,90,87,982,3,0,2,0,2,0,4,0,2,0,2,0,2,0,4,1,1,1,0,0,2,1,2,0,0,0,NaN,1188631,53830,77.31,77.31,76.9,76.9,66.35,66.35,69.32,69.32,50,50,-1,-1,-1,-1,-1,-1,-1
06/25/2020,91,74,862,3,0,2,0,2,0,4,0,2,0,2,0,2,0,4,1,1,1,0,0,2,1,2,0,0,0,NaN,1228114,54971,77.31,77.31,76.9,76.9,66.35,66.35,69.32,69.32,50,50,-1,-1,-1,-1,-1,-1,-1
06/26/2020,92,103,983,3,0,2,0,2,0,4,0,2,0,2,0,2,0,4,1,1,1,0,0,2,1,2,0,0,0,NaN,1274974,55961,77.31,77.31,76.9,76.9,66.35,66.35,69.32,69.32,50,50,-1,-1,-1,-1,-1,-1,-1
06/27/2020,93,102,134,3,0,2,0,2,0,4,0,2,0,2,0,2,0,4,1,1,1,0,0,2,1,2,0,0,127000000,NaN,1313667,57070,77.31,77.31,76.9,76.9,66.35,66.35,69.32,69.32,50,50,-1,-1,-1,-1,-1,-1,-1
06/28/2020,94,27,774,3,0,2,0,2,0,4,0,2,0,2,0,2,0,4,1,1,1,0,0,2,1,2,0,0,0,NaN,1344143,57622,77.31,77.31,76.9,76.9,66.35,66.35,69.32,69.32,50,50,-1,-1,-1,-1,-1,-1,-1
06/29/2020,95,24,291,3,0,2,0,2,0,4,0,2,0,2,0,2,0,4,1,1,1,0,0,2,1,2,0,0,0,NaN,1368195,58314,77.31,77.31,76.9,76.9,66.35,66.35,69.32,69.32,50,50,-1,-1,-1,-1,-1,-1,-1
06/30/2020,96,133,585,3,0,2,0,2,0,4,0,2,0,2,0,2,0,4,1,1,1,0,0,2,1,2,0,0,0,NaN,1402041,59594,77.31,77.31,76.9,76.9,66.35,66.35,69.32,69.32,50,50,-1,-1,-1,-1,-1,-1,-1
07/01/2020,97,68,943,3,0,2,0,2,0,4,0,2,0,2,0,2,0,4,1,1,1,0,0,2,1,2,0,0,0,NaN,1448753,60632,77.31,77.31,76.9,76.9,66.35,66.35,69.32,69.32,50,50,-1,-1,-1,-1,-1,-1,-1
07/02/2020,98,71,736,3,0,2,0,2,0,4,0,2,0,2,0,2,0,4,1,1,1,0,0,2,1,2,0,0,0,NaN,1496858,61884,81.02,81.02,80.48,80.48,68.91,68.91,72.35,72.35,50,50,-1,-1,-1,-1,-1,-1,-1
07/03/2020,99,102,833,3,0,3,0,2,0,4,0,2,0,2,0,2,0,4,1,1,1,0,0,2,1,2,0,0,0,NaN,1539081,63174,81.02,81.02,80.48,80.48,68.91,68.91,72.35,72.35,50,50,-1,-1,-1,-1,-1,-1,-1
07/04/2020,100,78,585,3,0,3,0,2,0,4,0,2,0,2,0,2,0,4,1,1,1,0,0,2,1,2,0,0,0,NaN,1577004,64265,81.02,81.02,80.48,80.48,68.91,68.91,72.35,72.35,50,50,-1,-1,-1,-1,-1,-1,-1
07/05/2020,101,29,200,3,0,3,0,2,0,4,0,2,0,2,0,2,0,4,1,1,1,0,0,2,1,2,0,0,0,NaN,1603055,64867,81.02,81.02,80.48,80.48,68.91,68.91,72.35,72.35,50,50,-1,-1,-1,-1,-1,-1,-1
07/06/2020,102,26,363,3,0,3,0,2,0,4,0,2,0,2,0,2,0,4,1,1,1,0,0,2,1,2,0,0,0,NaN,1623284,65487,81.02,81.02,80.48,80.48,68.91,68.91,72.35,72.35,50,50,-1,-1,-1,-1,-1,-1,-1
07/07/2020,103,131,1060,3,0,3,0,2,0,4,0,2,0,2,0,2,0,4,1,1,1,0,0,2,1,2,0,0,0,NaN,1668589,66741,81.02,81.02,80.48,80.48,68.91,68.91,72.35,72.35,50,50,-1,-1,-1,-1,-1,-1,-1
07/08/2020,104,46,805,3,0,3,0,2,0,4,0,2,0,2,0,2,0,4,1,1,1,0,0,2,1,2,0,0,0,NaN,1713160,67964,81.02,81.02,80.48,80.48,68.91,68.91,72.35,72.35,50,50,-1,-1,-1,-1,-1,-1,-1
07/09/2020,105,77,933,3,0,3,0,2,0,4,0,2,0,2,0,2,0,4,1,1,1,0,0,2,1,2,0,0,0,NaN,1755779,69184,81.02,81.02,80.48,80.48,68.91,68.91,72.35,72.35,50,50,-1,-1,-1,-1,-1,-1,-1
07/10/2020,106,76,631,3,0,3,0,2,0,4,0,2,0,2,0,2,0,4,1,1,1,0,0,2,1,2,0,30740000.32,0,NaN,1800827,70398,81.02,81.02,80.48,80.48,68.91,68.91,72.35,72.35,50,50,-1,-1,-1,-1,-1,-1,-1
07/11/2020,107,48,75,3,0,3,0,2,0,4,0,2,0,2,0,2,0,4,1,1,1,0,0,2,1,2,0,0,0,NaN,1839850,71469,81.02,81.02,80.48,80.48,68.91,68.91,72.35,72.35,50,50,-1,-1,-1,-1,-1,-1,-1
07/12/2020,108,8,8,3,0,3,0,2,0,4,0,2,0,2,0,2,0,4,1,1,1,0,0,2,1,2,0,0,0,NaN,1864681,72100,81.02,81.02,80.48,80.48,68.91,68.91,72.35,72.35,50,50,-1,-1,-1,-1,-1,-1,-1
07/13/2020,109,45,525,3,0,3,0,2,0,4,0,2,0,2,0,2,0,4,1,1,1,0,0,2,1,2,0,0,0,NaN,1884967,72833,81.02,81.02,80.48,80.48,68.91,68.91,72.35,72.35,50,50,-1,-1,-1,-1,-1,-1,-1
07/14/2020,110,77,486,3,0,3,0,2,0,4,0,2,0,2,0,2,0,4,1,1,1,0,0,2,1,2,0,244733580,0,NaN,1926824,74133,81.02,81.02,80.48,80.48,68.91,68.91,72.35,72.35,50,50,-1,-1,-1,-1,-1,-1,-1
07/15/2020,111,68,368,3,0,3,0,2,0,4,0,2,0,2,0,2,0,4,1,1,1,0,0,2,1,2,0,0,0,NaN,1966748,75366,NaN,81.02,NaN,80.48,NaN,68.91,NaN,72.35,50,50,-1,-1,-1,-1,-1,-1,-1
